"","name","status","text"
"1","123","PLANNED WORK","
                    <span class=""TitlePlannedWork"" >Planned Work</span>
                    <br/>
                  <a class=""plannedWorkDetailLink"" onclick=ShowHide(162679);><b><i>TUNNEL RECONSTRUCTION</i> </b>&nbsp<br clear=left><b>Weekend [2] [3] station closures and route changes</a><br/><br/><div id= 162679 class=""plannedWorkDetail"" ></b>Until Summer 2018<br><br>No service at Park Place, Wall St, Clark St and Hoyt St; use nearby [4] [5] stations<br><br>No [2] [3] service between Manhattan and Brooklyn; take the [4] or [5] instead.<br><br>Weekend service map for <a href=http://web.mta.info/nyct/service/pdf/FF_Clark_St_web_map.pdf target=_blank><font color=#0000FF><b><u>Lower Manhattan and Downtown Brooklyn</u></b></font></a><br><br></font>New timetables with Weekend Route Changes | [2] <a href=http://web.mta.info/nyct/service/pdf/t2cur.pdf target=_blank><font color=#0000FF><b><u>pdf</u></b></font></a> | [3] <a href=http://web.mta.info/nyct/service/pdf/t3cur.pdf target=_blank><font color=#0000FF><b><u>pdf</u></b></font></a> | [4] <a href=http://web.mta.info/nyct/service/pdf/t4cur.pdf target=_blank><font color=#0000FF><b><u>pdf</u></b></font></a> | [5] <a href=http://web.mta.info/nyct/service/pdf/t5cur.pdf target=_blank><font color=#0000FF><b><u>pdf</u></b></font></a><br><b><br></div></b><br/>
                <br/><br/>
              
                    <span class=""TitlePlannedWork"" >Planned Work</span>
                    <br/>
                  <a class=""plannedWorkDetailLink"" onclick=ShowHide(170138);><b><i>TRACK REPLACEMENT</i><br clear=left>[1] Van Cortlandt Park-bound trains skip 50 St, 59 St and 66</font> St</a><br/><br/><div id= 170138 class=""plannedWorkDetail"" ></b>Weekend, 9:45 PM Fri to 5 AM Mon, Nov 17 - 20 <br><br>For service<i> to</i> these stations, take the [1] to 72 St and </font>transfer to a downtown [1] or </font>[2] <i>local</i>.<br><br>For service <i>from</i> these stations, take the [1] or </font>[2] to Times Sq-42 St and transfer to a <br>Van Cortlandt Park-bound [1].<br><b><br></div></b><br/>
                <br/><br/>
              "
"2","456","DELAYS","
                    <span class=""TitleDelay"">Delays</span>
                    <span class=""DateStyle"">
                    &nbsp;Posted:&nbsp;11/18/2017&nbsp; 2:20PM
                    </span><br/><br/>
                  [6] train service has resumed following earlier signal problems at <STRONG>Westchester Square- East Tremont</STRONG> <STRONG>Av.</STRONG>
                <br/><br/>
              
                    <span class=""TitlePlannedWork"" >Planned Work</span>
                    <br/>
                  <a class=""plannedWorkDetailLink"" onclick=ShowHide(173283);><b><i>TRACK MAINTENANCE</i><br clear=left>[6] Pelham Bay Park-bound trains skip Canal, Spring, Bleecker Sts, Astor Pl, 23, 28 and 33 Sts</a><br/><br/><div id= 173283 class=""plannedWorkDetail"" ></b>Weekend, 9:45 PM Fri to 5 AM Mon, Nov 17 - 20<br><br></font>For service <i>to</i> Canal, Spring, Bleecker Sts, Astor Pl, 23, 28 and 33 Sts, take the [6] to 14 St-Union Sq<br>or Grand Central-42 St and transfer to a downtown [4] <i>local</i> or [6].<br><br>For service<i> from</i> these stations, take the [4] or [6] to 14 St-Union Sq or Brooklyn Bridge and<br>transfer to a Pelham Bay Park-bound [6].<br><br><b><i>Alternate travel note:<br></b></i>Use nearby [N] [R] stations on Broadway. Transfer between [N] [R] and [6] trains at 14 St-Union Sq.<br><br><table class=plannedworkTableStyle  border=1 cellspacing=1 cellpadding=5 rules=none frame=box><td>  [ad]  <td><font size=1>This service change affects one or more ADA accessible stations. Please call 511 for help with planning<br>your trip. If you are deaf or hard of hearing, use your preferred relay service provider or the free 711 relay.  </font></table><br><b><br></div></b><br/>
                <br/><br/>
              
                    <span class=""TitlePlannedWork"" >Planned Work</span>
                    <br/>
                  <a class=""plannedWorkDetailLink"" onclick=ShowHide(172973);><b><i>TRACK MAINTENANCE</i><br clear=left>[6] Brooklyn Bridge-bound trains skip Longwood Av, E 149 St, E 143 St, Cypress Av and Brook Av</a><br/><br/><div id= 172973 class=""plannedWorkDetail"" ></b>Weekend, 9:45 PM Fri to 5 AM Mon, Nov 17 - 20<br><br>For service <i>to</i> these stations, take the [6] to 3 Av-138 St and transfer to a Pelham Bay Park-bound [6].<br><br>For service <i>from</i> these stations, take the [6] to Hunts Point Av and transfer to a Brooklyn Bridge-bound [6].<br><b><br></div></b><br/>
                <br/><br/>
              
                    <span class=""TitlePlannedWork"" >Planned Work</span>
                    <br/>
                  <a class=""plannedWorkDetailLink"" onclick=ShowHide(171606);><b><i>TRACK REPLACEMENT</i><br clear=left>[5] Trains run local in both directions between 125 St and Grand Central-42 St</a><br/><br/><div id= 171606 class=""plannedWorkDetail"" ></b>Weekend, 10 PM Fri to 5 AM Mon, Nov 17 - 20<br><br>&bull; Please allow additional travel time.<br><b><br></div></b><br/>
                <br/><br/>
              
                    <span class=""TitlePlannedWork"" >Planned Work</span>
                    <br/>
                  <a class=""plannedWorkDetailLink"" onclick=ShowHide(172714);><b><i>ELECTRICAL IMPROVEMENTS</i><br clear=left>[5] Flatbush Av-bound trains skip Bergen St, Grand Army Plaza and Eastern Pkwy</a><br/><br/><div id= 172714 class=""plannedWorkDetail"" ></b>Weekend, 9:45 PM Fri to 11:59 PM <b>Sat</b>, Nov 17- 18<br><br></font>For service<i> to</i> these stations, take the [5] to Franklin Av and transfer to a<br>Manhattan-bound [4] or [5] .<br><br>For service <i>from</i> these stations, take the [4] or [5] to Atlantic Av-Barclays Ctr<br>and transfer to a Flatbush Av-bound [5].<br><br><b>Note:</b> This advisory reflects changes to weekend [5] train service | <a href=http://web.mta.info/nyct/service/pdf/t5cur.pdf target=_blank><font color=#0000FF><b><u>pdf</u></b></font></a><br><b><br></div></b><br/>
                <br/><br/>
              
                    <span class=""TitlePlannedWork"" >Planned Work</span>
                    <br/>
                  <a class=""plannedWorkDetailLink"" onclick=ShowHide(172982);><b><i>TRACK REPLACEMENT</i><br clear=left>[4] Uptown trains run local from Grand Central-42 St to 125 St</a><br/><br/><div id= 172982 class=""plannedWorkDetail"" ></b>Weekend, 10 PM Fri to 5 AM Mon, Nov 17 - 20<br><br>&bull; Please allow additional travel time.<br><b><br></div></b><br/>
                <br/><br/>
              
                    <span class=""TitlePlannedWork"" >Planned Work</span>
                    <br/>
                  <a class=""plannedWorkDetailLink"" onclick=ShowHide(172891);><b><i>TRACK REPLACEMENT</i><br clear=left>[4] Service operates every 16 minutes between 125 St and Kingsbridge Rd</a><br/><br/><div id= 172891 class=""plannedWorkDetail"" ></b>Weekend, 7:30 AM to 7 PM, Saturday, Nov 18<br>                    9:30 AM to 7 PM, Sunday, Nov 19<br><br>The last stop for <b>alternate</b> uptown trains is 125 St.          </font><a href=http://apps.mta.info/traintime/ target=_blank><img height=32px src=http://apps.mta.info/traintime/desktop2Images/logoSm.png></a><br><br>&bull; </font>Transfer at 125 St to continue your trip.<br><b><br></div></b><br/>
                <br/><br/>
              
                    <span class=""TitlePlannedWork"" >Planned Work</span>
                    <br/>
                  <a class=""plannedWorkDetailLink"" onclick=ShowHide(171510);><b><i>ELECTRICAL IMPROVEMENTS</i><br clear=left>[4] No trains between Woodlawn and Kingsbridge Rd</a><br/><br/><div id= 171510 class=""plannedWorkDetail"" >[SB] Free shuttle buses provide alternate service<br></b>Weekend, 3:45 AM Sat to 10 PM Sun, Nov 18 - 19<br><br><b>[4]</b> service operates between <b>Kingsbridge Rd</b> and <b>New Lots Av</b>.<br><br>[SB] Buses operate between <b>Woodlawn</b> and <b>Kingsbridge Rd</b>, stopping at Mosholu Pkwy <br>and Bedford Pk Blvd.<br><br>&bull; Transfer between [4] trains and buses at Kingsbridge Rd.<br><br></font><font size=3><b><a style=""cursor:pointer; text-decoration:underline;"" onclick=ShowHide(1715100);>Show Shuttle Bus Stops</a></b></font><div id=""1715100""; style=""display:none;""><table class=plannedworkTableStyle  border=1 cellspacing=1 cellpadding=3 rules=rows frame=hsides><tr bgcolor=#FAF8CC><td><b>Station      </b></td><td><b>Shuttle Bus Stop</b><tr><td>Woodlawn<td>Jerome Av at Bainbridge Av<tr><td>Mosholu Pkwy<td>Jerome Av at Mosholu Pkwy<tr><td>Bedford Park Blvd<td>Jerome Av at Bedford Park<tr><td>Kingsbridge Rd [4S] <td>Jerome Av at Kingsbridge Rd</table></div><br><b><br></div></b><br/>
                <br/><br/>
              
                    <span class=""TitlePlannedWork"" >Planned Work</span>
                    <br/>
                  <a class=""plannedWorkDetailLink"" onclick=ShowHide(172983);><b><i>TRACK REPLACEMENT</i><br clear=left>[4] New Lots Av-bound trains run local from 125 St to Brooklyn Bridge</a><br/><br/><div id= 172983 class=""plannedWorkDetail"" ></b>Weekend, 10 PM Fri to 5 AM Mon, Nov 17 - 20<br><br>&bull; Please allow additional travel time.<br><b><br></div></b><br/>
                <br/><br/>
              
                    <span class=""TitlePlannedWork"" >Planned Work</span>
                    <br/>
                  <a class=""plannedWorkDetailLink"" onclick=ShowHide(172712);><b><i>ELECTRICAL IMPROVEMENTS</i><br clear=left>[4] New Lots Av-bound trains skip Bergen St, Grand Army Plaza and Eastern Pkwy</a><br/><br/><div id= 172712 class=""plannedWorkDetail"" ></b>Weekend, 9:45 PM Fri to 11:59 PM <b>Sat</b>, Nov 17- 18<br><br></font>For service <i>to </i>these stations, take the [4] to Franklin Av and transfer to a<br>Manhattan-bound [4] or [5].<br><br>For service<i> from </i>these stations, take the [4] or [5] to Atlantic Av-Barclays Ctr<br>and transfer to a New Lots Av-bound [4].<br><b><br></div></b><br/>
                <br/><br/>
              
                    <span class=""TitlePlannedWork"" >Planned Work</span>
                    <br/>
                  <a class=""plannedWorkDetailLink"" onclick=ShowHide(170140);><b><i>TRACK REPLACEMENT</i><br clear=left>[4] Uptown trains skip 161 St, 167 St, 170 St, Mt Eden Av and 176 St</a><br/><br/><div id= 170140 class=""plannedWorkDetail"" ></b>Weekends, 3:45 AM Sat to 10 PM Sun, Nov 18 - 19  &bull;  Nov 25 - 26 <br><br>For service<i> to </i>these stations, take the [4] to Burnside Av and transfer to a Manhattan-bound [4].<br><br>For service <i>from</i> these stations, take the [4] to 149 St-Grand Concourse and transfer to an uptown [4].<br><br><b><i>Alternate travel notes:<br></b>From</i> 161 St, take the [D] to <a href=http://web.mta.info/weekender/tileMap.html?staID=10210 target=_blank><font color=#0000FF><b><u>nearby </u></b></font></a> stations.<br><i>From</i> 176 St, </font>take the <a href=http://web.mta.info/nyct/bus/schedule/bronx/bx032cur.pdf target=blank><font color=#0000FF><b><u>Bx32</u></b></font></a> bus, <i>days and evenings</i>. Transfer to the [4] at Burnside Av.<br><br><i>*No trains between Kingsbridge Rd and Woodlawn, Nov 18 - 19<br><br></i><table class=plannedworkTableStyle  border=1 cellspacing=1 cellpadding=5 rules=none frame=box><td>  [ad]  <td><font size=1>This service change affects one or more ADA accessible stations. Please call 511 for help with planning<br>your trip. If you are deaf or hard of hearing, use your preferred relay service provider or the free 711 relay.  </font></table><br><b><br></div></b><br/>
                <br/><br/>
              "
"3","7","PLANNED WORK","
                    <span class=""TitlePlannedWork"" >Planned Work</span>
                    <br/>
                  <a class=""plannedWorkDetailLink"" onclick=ShowHide(170575);><b><i>SIGNAL MODERNIZATION</i><br clear=left>[7] No trains between Queensboro Plaza and 34 St-Hudson Yards</a><br/><br/><div id= 170575 class=""plannedWorkDetail"" ></b>Weekend, 12:15 AM Sat to 4:30 AM Mon, Nov 18 - 20<br><br><b>[7]</b> service operates between <b>Main St</b> and <b>Queensboro Plaza</b>.<br><br>[SB] Buses operate in two sections:<br>  1. <b>Queens</b> between <b>Queensboro Plaza</b> and <b>Vernon Blvd-Jackson Av</b>.<br>  2. <b>Manhattan</b> between <b>Times Sq-42 St</b> and <b>34 St-Hudson Yards</b>.<br><br>Special [W] service operates between Whitehall St and Ditmars Blvd during the following times: <br><b>Saturday</b>, 7 AM to 9 PM &bull;<b> Sunday</b>, 9 AM to 7 PM<br><br></font><b>[S]</b> 42 Street Shuttle service operates overnight.<br><br><table class=plannedworkTableStyle  width=80%><tr><td><font size=3><b>Travel Alternatives</b></font><td align=right>[TP]</table><br></font>For service between Queens and Manhattan, take the [E] [F] [N] [R] or [W].<br><br>&bull; Transfer between <b>[7]</b> and <b>[E] [F] [R]</b> trains at 74 St-Roosevelt Av.<br>&bull; Transfer between <b>[7]</b> and <b>[N]</b> [W] trains at Queensboro Plaza.<br><br><table class=plannedworkTableStyle  border=1 cellspacing=1 cellpadding=3 rules=rows frame=hsides><tr bgcolor=#FAF8CC><td><b>Queens Station</b><td>[SB] <b>Shuttle Bus Stop</b><tr><td>Queensboro Plaza [7] [N] [W]<td>Queens Plaza South at 27 St<tr><td>Queens Plaza [ad] [E] [R]<td>42 Rd at Jackson Av<tr><td rowspan=2>Court Sq-23 St [E] <td>Jackson Av at 45 Av (to Vernon Blvd-Jackson Av)<tr><td>Jackson Av at Thomson Av (to Queensboro Plaza)<tr><td rowspan=3>Hunters Point Av<td>Jackson Av at 47 Av (to Vernon Blvd-Jackson Av)<tr><td>Jackson Av at 21 St (to Queensboro Plaza)<tr><td>Jackson Av at 11 St (to Queensboro Plaza)<tr><td>Vernon Blvd-Jackson Av<td>Vernon Blvd at 50 Av<tr bgcolor=#FAF8CC><td><b>Manhattan Station</b><td><b>Alternate Service</b><tr><td rowspan=2>Grand Central-42 St<br>[ad] <font size=1> except S</font><td>[4] <i>local,</i> [6] via [N] [R] [W] at Lexington Av/59 St or [E] at Lexington Av/53 St<tr><td>[S] via Times Sq-42 St<tr><td>5 Av<td>[F] (42 St-Bryant Pk)<tr><td rowspan=2>Times Sq-42 St<br>[ad] <font size=1> except S</font> <td>[N] [R] [W] and [SB] 42 St at 7 Av<tr><td> [E] and [SB] 44 St at 8 Av (42 St-Port Authority)<tr><td>34 St-Hudson Yards<td>[SB] 34 St at Hudson Blvd East or [E] at nearby <a href=http://web.mta.info/weekender/tileMap.html?staID=18239 target=_blank><font color=#0000FF><b><u>34 St-Penn Station</u></b></font></a></table><br></font><table class=plannedworkTableStyle  border=1 cellspacing=1 cellpadding=5 rules=none frame=box><td>  [ad]  <td><font size=1>This service change affects one or more ADA accessible stations. Please call 511 for help with planning<br>your trip. If you are deaf or hard of hearing, use your preferred relay service provider or the free 711 relay.  </font></table><br><b><br></div></b><br/>
                <br/><br/>
              
                    <span class=""TitlePlannedWork"" >Planned Work</span>
                    <br/>
                  <a class=""plannedWorkDetailLink"" onclick=ShowHide(170578);><b><i>TRACK REPLACEMENT</i><br clear=left>[7] Flushing-bound trains skip 82, 90, 103 and 111 Sts</a><br/><br/><div id= 170578 class=""plannedWorkDetail"" ></b>Weekend, 3:45 AM Sat to 10 PM Sun, Nov 18 - 19<br><br>For service <i>to </i>these stations, take the [7] to Junction Blvd or Willets Point and transfer to a <br>Queensboro Plaza-bound* [7].<br><br>For service <i>from </i>these stations, take the [7] to Junction Blvd or 74 St and transfer to a Flushing-bound [7].<br><br><i>*This detour has taken into account additional planned service changes.<br></i><b><br></div></b><br/>
                <br/><br/>
              "
"4","ACE","PLANNED WORK","
                    <span class=""TitlePlannedWork"" >Planned Work</span>
                    <br/>
                  <a class=""plannedWorkDetailLink"" onclick=ShowHide(173389);><b><i>TRACK MAINTENANCE</i><br clear=left>[E] Trains run local in both directions between Queens Plaza and 71 Av</a><br/><br/><div id= 173389 class=""plannedWorkDetail"" ></b>Weekend, 10 PM Fri to 5 AM Mon, Nov 17 - 20<br><br>Trains stop at 36 St, Steinway St, 46 St, Northern Blvd, 65 St, Roosevelt,<br>Elmhurst, Grand Avs, Woodhaven Blvd, 63 Dr and 67 Av.<br><br>&bull; Please allow additional travel time.<br><b><br></div></b><br/>
                <br/><br/>
              
                    <span class=""TitlePlannedWork"" >Planned Work</span>
                    <br/>
                  <a class=""plannedWorkDetailLink"" onclick=ShowHide(172228);><b><i>COMMUNICATION IMPROVEMENTS</i><br clear=left>[C] No trains between 145 St and 168 St<br clear=left>[A] trains provide alternate service</a><br/><br/><div id= 172228 class=""plannedWorkDetail"" ></b><a href=http://advisory.mtanyct.info/pdf_files/ServiceGuide.pdf target=_blank><font color=#0000FF><b><u>Weekend</u></b></font></a>, Saturday <i>and</i> Sunday, Nov 18 - 19<br><br></font>[C] service operates between <b>145 St</b> and <b>Euclid Av</b>.<br><b>[A]*</b> downtown trains make <i>local</i> stops from <b>168 St</b> to <b>145 St</b>.<br>&bull; Transfer between trains at 125 St (across the platform) or 145 St.<br><br><i>*Please review [A] advisories for additional information that may affect your trip.<br><br></i><table class=plannedworkTableStyle  border=1 cellspacing=1 cellpadding=5 rules=none frame=box><td>  [ad]  <td><font size=1>This service change affects one or more ADA accessible stations. Please call 511 for help with planning<br>your trip. If you are deaf or hard of hearing, use your preferred relay service provider or the free 711 relay.  </font></table><br><b><br></div></b><br/>
                <br/><br/>
              
                    <span class=""TitlePlannedWork"" >Planned Work</span>
                    <br/>
                  <a class=""plannedWorkDetailLink"" onclick=ShowHide(173418);><b><i>TRACK MAINTENANCE</i><br clear=left>[C] Uptown trains skip 135 St </a><br/><br/><div id= 173418 class=""plannedWorkDetail"" ></b><a href=http://advisory.mtanyct.info/pdf_files/ServiceGuide.pdf target=_blank><font color=#0000FF><b><u>Weekend</u></b></font></a>,</font> Saturday <i>and</i> Sunday, Nov 18 - 19<br><br>For service <i>to</i> this station, take the [C] to 145 St and transfer to a downtown [C].<br><br>For service <i>from</i> this station, take the [C] to 125 St and transfer to an uptown [C].<br><br><b>Note:</b> No [C] trains between 145 St and 168 St during this time.<br><b><br></div></b><br/>
                <br/><br/>
              
                    <span class=""TitlePlannedWork"" >Planned Work</span>
                    <br/>
                  <a class=""plannedWorkDetailLink"" onclick=ShowHide(170675);><b><i>ELECTRICAL IMPROVEMENTS<br clear=left></i>[C] Trains skip 50 St, 23 St and Spring St in both directions</a><br/><br/><div id= 170675 class=""plannedWorkDetail"" ></b><a href=http://advisory.mtanyct.info/pdf_files/ServiceGuide.pdf target=_blank><font color=#0000FF><b><u>Weekends</u></b></font></a>, Saturday <i>and</i> Sunday, Nov 18 - 19<br><br>Take the [E] instead. Transfer between trains at 42 St, 34, St, 14 St, W 4 St or Canal St.<br><br><b>Note:</b> [D] service is also available at 50 and 23 Sts.<br><br><table class=plannedworkTableStyle  border=1 cellspacing=1 cellpadding=5 rules=none frame=box><td>  [ad]  <td><font size=1>This service change affects one or more ADA accessible stations. Please call 511 for help with planning <br clear=left>your trip. If you are deaf or hard of hearing, use your preferred relay service provider or the free 711 relay.  </font></table><br><b><br></div></b><br/>
                <br/><br/>
              
                    <span class=""TitlePlannedWork"" >Planned Work</span>
                    <br/>
                  <a class=""plannedWorkDetailLink"" onclick=ShowHide(173397);><b><i>SIGNAL MAINTENANCE</i><br clear=left>[A] Ozone Park/Far Rockaway-bound trains make local stops at 163 St and 155 St</a><br/><br/><div id= 173397 class=""plannedWorkDetail"" ></b>Weekend, 12:01 AM Sat to 5 AM Mon, Nov 18 - 20<br><br>&bull; Please allow additional travel time.<br><b><br></div></b><br/>
                <br/><br/>
              
                    <span class=""TitlePlannedWork"" >Planned Work</span>
                    <br/>
                  <a class=""plannedWorkDetailLink"" onclick=ShowHide(170231);><b><i>TRACK REPLACEMENT</i><br clear=left>[A] Uptown trains run local from 59 St-Columbus Circle to 125 St</a><br/><br/><div id= 170231 class=""plannedWorkDetail"" ></b>Weekend, 10 PM Fri to 5 AM Mon, Nov 17 - 20<br><br>&bull; Please allow additional travel time.<br><b><br></div></b><br/>
                <br/><br/>
              
                    <span class=""TitlePlannedWork"" >Planned Work</span>
                    <br/>
                  <a class=""plannedWorkDetailLink"" onclick=ShowHide(172221);><b><i>SIGNAL MAINTENANCE</i><br clear=left>[A] No trains between 168 St and 207 St</a><br/><br/><div id= 172221 class=""plannedWorkDetail"" >[1] trains and [SB] free shuttle buses provide alternate service<br></b>Weekend, 11:45 PM Fri to 5 AM Mon, Nov 17 - 20<br><br>[A] Service operates between <b>Lefferts Blvd/Mott Av</b> and <b>168 St</b>.<br><br>[1] trains make nearby stops between <b>168 St</b> and <b>207 St</b>.<br><br><b>Broadway [SB] </b>buses make all stops between <b>168 St</b> and <b>207 St</b>.<br><b>Fort Washington Av [SB] </b>buses make all stops between <b>168 St</b> and <b>190 St</b>.<br><br></font>&bull; Transfer between trains and [SB] buses at 168 St.<br><br></font><font size=3><b><a style=""cursor:pointer; text-decoration:underline;"" onclick=ShowHide(1722210);>Show Shuttle Bus Stops</a></b></font>                           [TP]<div id=""1722210""; style=""display:none;""><table class=plannedworkTableStyle  border=1 cellspacing=1 cellpadding=3 rules=rows frame=hsides><tr bgcolor=FAF8CC><td><b>Station</b><td><b>Broadway Shuttle Bus Stop</b><td><b>Fort Washington Av Shuttle Bus Stop</b><tr><td>168 St [1] | [AS] [ad]<td>St Nicholas Av at W 168 St<td>St Nicholas Av at W 168 St<tr><td rowspan=3>175 St<td>Broadway at W 175 St (to 207 St)<td rowspan=3>Fort Washington Av at W 177 St<tr><td>Broadway at W 176 St (to 168 St)<tr><td>Broadway at W 178 St<tr><td rowspan=3>181 St<td>Broadway at W 181 St<td>Fort Washington Av at W 179 St<tr><td>Broadway at W 184 St (to 207 St)<td>Fort Washington Av at W 181 St<tr><td>Broadway at W 185 St (to 168 St)<td>Fort Washington Av at W 185 St<tr><td rowspan=2>190 St<td>Broadway at W 193 St (to 207 St)<td>Fort Washington Av at W 190 St<tr><td>Broadway at Bennett Av (to 168 St) <td>Fort Washington Av at Cabrini Blvd<tr><td>Dyckman St<td>Broadway at Dyckman St<td> &mdash;<tr><td>207 St<td>Broadway at W 207 St<td> &mdash;</table> </div><br><br></font><table class=plannedworkTableStyle  border=1 cellspacing=1 cellpadding=5 rules=none frame=box><td>  [ad]  <td><font size=1>This service change affects one or more ADA accessible stations. Please call 511 for help with planning<br>your trip. If you are deaf or hard of hearing, use your preferred relay service provider or the free 711 relay.  </font></table><br><b><br></div></b><br/>
                <br/><br/>
              "
"5","BDFM","PLANNED WORK","
                    <span class=""TitlePlannedWork"" >Planned Work</span>
                    <br/>
                  <a class=""plannedWorkDetailLink"" onclick=ShowHide(170313);><b><i>TRACK MAINTENANCE<br clear=left></i>[J] No trains between Hewes St and Broad St<br clear=left>[M] No trains between Broadway Junction and Essex St</a><br/><br/><div id= 170313 class=""plannedWorkDetail"" >[4] [6] [F] trains and [SB] free shuttle buses provide alternate service <br></b>Weekend, 11:45 PM Fri to 5 AM Mon, Nov 17 - 20<br><br>[J] service operates between <b>Jamaica Center</b> and <b>Hewes St</b>.<br>[SB] Buses operate between <b>Hewes St</b> and <b>Essex St</b>, stopping at <b>Marcy Av</b>.<br><br>[M] Shuttle train operates <i>all times</i> between <b>Metropolitan Av</b> and <b>Myrtle-Wyckoff Avs<br></b>and [SB] free shuttle buses operate between <b>Myrtle-Wyckoff Av</b> and <b>Myrtle Av</b>.<br><br><table class=plannedworkTableStyle  width=80%><tr><td><font size=3><b>Travel Alternatives</b></font><td align=right>[TP]</table><br>For service between <b>Brooklyn</b> and <b>Manhattan</b>, take the [A] [C] [L] or [SB] bus.<br>  &bull; Transfer between the [J] and [A] [C] [L] trains at Broadway Junction.<br>  &bull; Transfer between [M] and [L] trains at Myrtle-Wyckoff Avs.<br>  &bull; Transfer between trains and [SB] buses at <b>Hewes St [J]</b>, <b>Delancey St/Essex St [F]</b> <i>and/or</i> <b>Myrtle Av</b>.<br><br><table class=plannedworkTableStyle  width=70% border=1 cellspacing=1 cellpadding=3 rules=rows frame=hsides><tr bgcolor=#FAF8CC><td><b>Station</b></td><td><b>Alternate Service</b><tr><td>Myrtle Av<td>[J], [SB]<tr><td>Flushing Av  [ad]<br>Lorimer St  <td>[J]<tr><td>Hewes St<td>[J] | [SB] Broadway at Hooper St<tr><td>Marcy Av<td>[SB] Broadway at Marcy Av<tr><td>Essex St<td>[F] | [SB] Delancey St at Essex St<tr><td rowspan=2>Bowery<td>[4] <i>local</i>, [6] at nearby <a href=http://web.mta.info/weekender/tileMap.html?staID=10059 target=_blank><font color=#0000FF><b><u>Spring St</u></b></font></a>  <tr><tr><td>Canal St<br>[N] [R]<td>[4] <i>local</i>, [6] Canal St | [ad]<tr><td>Chambers St<td> [4] [5] [6] Brooklyn Bridge  | [ad]<tr><td>Fulton S<td>[4] [5] [A] [C] Fulton St  | [ad]<tr><td rowspan=2>Broad St<td>[4] [5] at nearby <a href=http://web.mta.info/weekender/tileMap.html?staID=10057 target=_blank><font color=#0000FF><b><u>Wall St</u></b></font></a> or <br>Bowling Green Station | [ad]<br>[R] [W] at nearby <a href=http://web.mta.info/weekender/tileMap.html?staID=18644 target=_blank><font color=#0000FF><b><u>Rector St</u></b></font></a> Station</table><br><table class=plannedworkTableStyle  width=70% cellpadding=3 rules=rows frame=hsides><tr bgcolor=000000><td colspan=2><font color=#FAF8CC><b>Key Transfer Stations</b></font><tr><td>Delancey St/Essex St<td>[F], [SB]<tr><td>Bleecker St/B'way-Lafayette St [ad]<td>[6] [F]<tr><td>14 St-Union Sq  [ad] <b>L</b> <font size=1><i>only</i></font> <td>[4] [5] [6] [L]<tr><td>Fulton St  [ad]<td>[4] [5] [A] [C] </table><br><b><i>Alternate travel note:<br></b></i>For Hewes and Lorimer Sts, use the [G] at nearby <a href=http://web.mta.info/weekender/tileMap.html?staID=10288 target=_blank><font color=#0000FF><b><u></font>Broadway</u></b></font></a></font>.<br>&bull; Transfer between [G] [L] trains at Metropolitan Av/Lorimer St for service <i>to/from</i> Manhattan.<br><br><table class=plannedworkTableStyle  border=1 cellspacing=1 cellpadding=5 rules=none frame=box><td>  [ad]  <td><font size=1>This service change affects one or more ADA accessible stations. Please call 511 for help with planning<br>your trip. If you are deaf or hard of hearing, use your preferred relay service provider or the free 711 relay.  </font></table><br><b><br></div></b><br/>
                <br/><br/>
              
                    <span class=""TitlePlannedWork"" >Planned Work</span>
                    <br/>
                  <a class=""plannedWorkDetailLink"" onclick=ShowHide(173393);><b><i>TRACK MAINTENANCE</i><br clear=left>[F] Trains run local in both directions between 71 Av and Queens Plaza [E] Station</a><br/><br/><div id= 173393 class=""plannedWorkDetail"" ></b></font>Weekend, 10 PM Fri to 5 AM Mon, Nov 17 - 20<br><br>Trains stop at 67 Av, 63 Dr, Woodhaven Blvd, Grand, Elmhurst, Roosevelt Avs,<br>65 St, Northern Blvd, 46, Steinway and 36 Sts.<br><br></font>&bull; Please allow additional travel time.<br><br><b>Note:</b> [F] trains run via the [E] between Queens Plaza and 5 Av/53 St during this time.<br><b><br></div></b><br/>
                <br/><br/>
              
                    <span class=""TitlePlannedWork"" >Planned Work</span>
                    <br/>
                  <a class=""plannedWorkDetailLink"" onclick=ShowHide(172616);><b><i>ELECTRICAL IMPROVEMENTS</i><br clear=left>[F] No service at 21 St-Queensbridge</b>, <b>Roosevelt Island</b>, <b>Lexington Av/63 St and 57 St</a><br/><br/><div id= 172616 class=""plannedWorkDetail"" >[Q] [R] and [SB] free shuttle buses provide alternate service <br></b>Weekend, 11:45 PM Fri to 5 AM Mon, Nov 17 - 20<br><br>[F] Trains run via the [E] in both directions between Roosevelt Av and 5 Av/53 St<br><br>[SB] Shuttle buses operate between<b> Queens Plaza </b>and <b>Roosevelt Island</b>, <br>     making a stop at <b>21 St-Queensbridge</b>.<br><br><b>Travel Alternatives:<br><br></b>For <b>21 St-Queensbridge</b>, use nearby Queens Plaza or a shuttle bus.<br>For <b>Roosevelt Island</b>, take the shuttle bus instead.<br>&bull; Transfer between [F] trains and shuttle buses at Queens Plaza.<br><br></font>For <b>Lexington Av/63 St</b>, take the [Q], via transfer at 34 St-Herald Sq or use <br>the nearby 59 St [4] [5] [6] Station via transfer at Lexington Av/53 St.<br><br></font>For <b>57 St</b> use nearby 5 Av/53 St [E] or 57 St-7 Av [N] [Q] [R] stations.<br>&bull; Transfer between [F] and [N] [Q] [R] trains at 34 St-Herald Sq <br></font>   or [R] <i>(days/evenings)</i> at Queens Plaza.<br><br></font><table class=plannedworkTableStyle  border=1 cellspacing=1 cellpadding=5 rules=none frame=box><td>  [ad]  <td><font size=1>This service change affects one or more ADA accessible stations. Please call 511 for help with planning <br clear=left>your trip. If you are deaf or hard of hearing, use your preferred relay service provider or the free 711 relay.  </font></table><br><b><br></div></b><br/>
                <br/><br/>
              
                    <span class=""TitlePlannedWork"" >Planned Work</span>
                    <br/>
                  <a class=""plannedWorkDetailLink"" onclick=ShowHide(170237);><b><i>TRACK MAINTENANCE<br clear=left></i>[F] [G] Queens-bound trains skip Fort Hamilton Pkwy</b>, <b>15 St-Prospect Park</b> <b>and</b> <b>4 Av-9 St</a><br/><br/><div id= 170237 class=""plannedWorkDetail"" ></b>Weekend, 9:45 PM Fri to 5 AM Mon, Nov 17 - 20</font>                   <br><br>For service <i>to</i> these stations, take the [F] or [G] to 7 Av or Smith-9 Sts and transfer to a <br>Coney Island-bound [F] or Church Av-bound [G].<br><br>For service<i> from</i> these stations, take the [F] or [G] to 7 Av or Church Av and transfer to a <br>Queens-bound [F] or [G].<br><b><br></div></b><br/>
                <br/><br/>
              
                    <span class=""TitlePlannedWork"" >Planned Work</span>
                    <br/>
                  <a class=""plannedWorkDetailLink"" onclick=ShowHide(170668);><b><i>ELECTRICAL IMPROVEMENTS</i><br clear=left>[D] Norwood-bound trains make local stops at 72, 81, 86, 96, 103, 110 and 116 Sts</a><br/><br/><div id= 170668 class=""plannedWorkDetail"" ></b>Weekend, 10 PM Fri to 5 AM Mon, Nov 17 - 20<br><br>&bull; Please allow additional travel time.<br><b><br></div></b><br/>
                <br/><br/>
              
                    <span class=""TitlePlannedWork"" >Planned Work</span>
                    <br/>
                  <a class=""plannedWorkDetailLink"" onclick=ShowHide(170673);><b><i>ELECTRICAL IMPROVEMENTS</i><br clear=left>[D] No trains between 59 St-Columbus Circle and Stillwell Av</a><br/><br/><div id= 170673 class=""plannedWorkDetail"" >[F] [N] trains and [SB] free shuttle buses provide alternate service<br></b>Weekend, 11:30 PM Fri to 5 AM Mon, Nov 17 - 20<br><br>No [D] service at <b>7 Av, 47-50 Sts, 42 St-Bryant Pk, 34 St-Herald Sq </b>and <b>Grand St.<br><br></b></font>[D] service operates between <b>205 St</b> and <b>59 St-Columbus Circle</b>.<br>  &bull; <i>Trains are rerouted via the [A] local to/from <b>W 4 St</b> and via the [F] to/from <b>2 Av</b>, the last stop.<br><br></i>[N]* trains replace the [D] in Brooklyn between <b>Atlantic Av-Barclays Ctr</b> and <b>Stillwell Av</b>.<br>[F] trains provide alternate service at <b>47-50 Sts, 42 St-Bryant Park </b>and<b> 34 St-Herald Sq</b>.<br><br>[SB] Buses operate between <b>W 4 St</b> and <b>Grand St</b>, stopping at <b>B'way-Lafayette St</b>.<br><br><font size=3><b><a style=""cursor:pointer; text-decoration:underline;"" onclick=ShowHide(1706730);>Show Shuttle Bus Stops</a></b></font><div id=""1706730""; style=""display:none;""><table class=plannedworkTableStyle  border=1 cellspacing=1 cellpadding=3 rules=rows frame=hsides><tr bgcolor=#FAF8CC><td><b>Station      </b></td><td><b>Bus Stop</b><td><b>Bus</b><tr><td>W 4 St [ad] [A] [C] [D] [E] [F]      <td>6 Av at W 3 St<td><b>M55</b><tr><td>B'way-Lafayette St [ad] [D] [F]  <td>Houston St at Broadway<td><b>M21</b><tr><td>Grand St<td>Grand St at Chrystie St  <td align=center>&mdash;</table></div><br><br><table class=plannedworkTableStyle  width=80%><tr><td><font size=3><b>Travel Alternatives</b></font><td align=right>[TP]</table><br>For <b>Brooklyn</b>, take the [N] instead.<br>  &bull; </font>Transfer between [D] and [N] trains via the passageway at Times Sq-42 St/Port Authority.<br><br>For <b>7 Av</b>, take the [E]. <br>  &bull; </font>Transfer between [D] and [E] trains at 42 St/Port Authority. <br><br></font>For <b>47-50 Sts</b>, <b>42 St-Bryant Pk</b> and <b>34 St-Herald Sq</b> take the [F]. <br>  &bull; </font>Transfer between [D] and [F] trains at W 4 St.<br>  &bull; Transfer between [N] and [F] trains at 34 St-Herald Sq.<br><br></font>For <b>Grand St</b>, take a [SB] bus.<br>  &bull; </font>Transfer between [D] [F] trains and [SB] buses at W 4 St <i>and/or</i> B'way-Lafayette St.<br><br><i>*This detour has taken into account additional planned service changes.<br><br></i></font><table class=plannedworkTableStyle  border=1 cellspacing=1 cellpadding=5 rules=none frame=box><td>  [ad]  <td><font size=1>This service change affects one or more ADA accessible stations. Please call 511 for help with planning<br>your trip. If you are deaf or hard of hearing, use your preferred relay service provider or the free 711 relay.  </font></table><br><b><br></div></b><br/>
                <br/><br/>
              
                    <span class=""TitlePlannedWork"" >Planned Work</span>
                    <br/>
                  <a class=""plannedWorkDetailLink"" onclick=ShowHide(170229);><b><i>TRACK MAINTENANCE</i><br clear=left>[D] Norwood-bound trains skip 170 St, 174-175 Sts and 182-183 Sts</a><br/><br/><div id= 170229 class=""plannedWorkDetail"" ></b>Weekend, 9:45 PM Fri to 5 AM Mon, Nov 17 - 20 <br><br></font>For service <i>to</i> these stations, take the [D] to Tremont Av or Fordham Rd and transfer to<br>a Manhattan-bound [D].<br><br>For service <i>from </i>these stations, take the [D] to Tremont Av or 167 St and transfer to<br>a Norwood-bound [D].<br><b><br></div></b><br/>
                <br/><br/>
              "
"6","G","PLANNED WORK","
                    <span class=""TitlePlannedWork"" >Planned Work</span>
                    <br/>
                  <a class=""plannedWorkDetailLink"" onclick=ShowHide(170237);><b><i>TRACK MAINTENANCE<br clear=left></i>[F] [G] Queens-bound trains skip Fort Hamilton Pkwy</b>, <b>15 St-Prospect Park</b> <b>and</b> <b>4 Av-9 St</a><br/><br/><div id= 170237 class=""plannedWorkDetail"" ></b>Weekend, 9:45 PM Fri to 5 AM Mon, Nov 17 - 20</font>                   <br><br>For service <i>to</i> these stations, take the [F] or [G] to 7 Av or Smith-9 Sts and transfer to a <br>Coney Island-bound [F] or Church Av-bound [G].<br><br>For service<i> from</i> these stations, take the [F] or [G] to 7 Av or Church Av and transfer to a <br>Queens-bound [F] or [G].<br><b><br></div></b><br/>
                <br/><br/>
              "
"7","JZ","PLANNED WORK","
                    <span class=""TitlePlannedWork"" >Planned Work</span>
                    <br/>
                  <a class=""plannedWorkDetailLink"" onclick=ShowHide(170313);><b><i>TRACK MAINTENANCE<br clear=left></i>[J] No trains between Hewes St and Broad St<br clear=left>[M] No trains between Broadway Junction and Essex St</a><br/><br/><div id= 170313 class=""plannedWorkDetail"" >[4] [6] [F] trains and [SB] free shuttle buses provide alternate service <br></b>Weekend, 11:45 PM Fri to 5 AM Mon, Nov 17 - 20<br><br>[J] service operates between <b>Jamaica Center</b> and <b>Hewes St</b>.<br>[SB] Buses operate between <b>Hewes St</b> and <b>Essex St</b>, stopping at <b>Marcy Av</b>.<br><br>[M] Shuttle train operates <i>all times</i> between <b>Metropolitan Av</b> and <b>Myrtle-Wyckoff Avs<br></b>and [SB] free shuttle buses operate between <b>Myrtle-Wyckoff Av</b> and <b>Myrtle Av</b>.<br><br><table class=plannedworkTableStyle  width=80%><tr><td><font size=3><b>Travel Alternatives</b></font><td align=right>[TP]</table><br>For service between <b>Brooklyn</b> and <b>Manhattan</b>, take the [A] [C] [L] or [SB] bus.<br>  &bull; Transfer between the [J] and [A] [C] [L] trains at Broadway Junction.<br>  &bull; Transfer between [M] and [L] trains at Myrtle-Wyckoff Avs.<br>  &bull; Transfer between trains and [SB] buses at <b>Hewes St [J]</b>, <b>Delancey St/Essex St [F]</b> <i>and/or</i> <b>Myrtle Av</b>.<br><br><table class=plannedworkTableStyle  width=70% border=1 cellspacing=1 cellpadding=3 rules=rows frame=hsides><tr bgcolor=#FAF8CC><td><b>Station</b></td><td><b>Alternate Service</b><tr><td>Myrtle Av<td>[J], [SB]<tr><td>Flushing Av  [ad]<br>Lorimer St  <td>[J]<tr><td>Hewes St<td>[J] | [SB] Broadway at Hooper St<tr><td>Marcy Av<td>[SB] Broadway at Marcy Av<tr><td>Essex St<td>[F] | [SB] Delancey St at Essex St<tr><td rowspan=2>Bowery<td>[4] <i>local</i>, [6] at nearby <a href=http://web.mta.info/weekender/tileMap.html?staID=10059 target=_blank><font color=#0000FF><b><u>Spring St</u></b></font></a>  <tr><tr><td>Canal St<br>[N] [R]<td>[4] <i>local</i>, [6] Canal St | [ad]<tr><td>Chambers St<td> [4] [5] [6] Brooklyn Bridge  | [ad]<tr><td>Fulton S<td>[4] [5] [A] [C] Fulton St  | [ad]<tr><td rowspan=2>Broad St<td>[4] [5] at nearby <a href=http://web.mta.info/weekender/tileMap.html?staID=10057 target=_blank><font color=#0000FF><b><u>Wall St</u></b></font></a> or <br>Bowling Green Station | [ad]<br>[R] [W] at nearby <a href=http://web.mta.info/weekender/tileMap.html?staID=18644 target=_blank><font color=#0000FF><b><u>Rector St</u></b></font></a> Station</table><br><table class=plannedworkTableStyle  width=70% cellpadding=3 rules=rows frame=hsides><tr bgcolor=000000><td colspan=2><font color=#FAF8CC><b>Key Transfer Stations</b></font><tr><td>Delancey St/Essex St<td>[F], [SB]<tr><td>Bleecker St/B'way-Lafayette St [ad]<td>[6] [F]<tr><td>14 St-Union Sq  [ad] <b>L</b> <font size=1><i>only</i></font> <td>[4] [5] [6] [L]<tr><td>Fulton St  [ad]<td>[4] [5] [A] [C] </table><br><b><i>Alternate travel note:<br></b></i>For Hewes and Lorimer Sts, use the [G] at nearby <a href=http://web.mta.info/weekender/tileMap.html?staID=10288 target=_blank><font color=#0000FF><b><u></font>Broadway</u></b></font></a></font>.<br>&bull; Transfer between [G] [L] trains at Metropolitan Av/Lorimer St for service <i>to/from</i> Manhattan.<br><br><table class=plannedworkTableStyle  border=1 cellspacing=1 cellpadding=5 rules=none frame=box><td>  [ad]  <td><font size=1>This service change affects one or more ADA accessible stations. Please call 511 for help with planning<br>your trip. If you are deaf or hard of hearing, use your preferred relay service provider or the free 711 relay.  </font></table><br><b><br></div></b><br/>
                <br/><br/>
              "
"8","L","GOOD SERVICE",""
"9","NQR","DELAYS","
                    <span class=""TitleDelay"">Delays</span>
                    <span class=""DateStyle"">
                    &nbsp;Posted:&nbsp;11/18/2017&nbsp; 2:20PM
                    </span><br/><br/>
                  Northbound [N],[R] and [W] trains are running with delays because of signal problems at <STRONG>57 St-7 Av.</STRONG>
                <br/><br/>
              
                    <span class=""TitlePlannedWork"" >Planned Work</span>
                    <br/>
                  <a class=""plannedWorkDetailLink"" onclick=ShowHide(170147);><b><i>STATION ENHANCEMENTS</i><br clear=left>[W] Special service operates between Whitehall St and Ditmars Blvd</a><br/><br/><div id= 170147 class=""plannedWorkDetail"" ></b>Weekend, 7 AM to 9 PM, Saturday, Nov 18 <br>                  9 AM to 7 PM, Sunday, Nov 19<br><br><b>Note</b>: No [7] trains between Queens and Manhattan during this time.<br></font><b><br></div></b><br/>
                <br/><br/>
              
                    <span class=""TitlePlannedWork"" >Planned Work</span>
                    <br/>
                  <a class=""plannedWorkDetailLink"" onclick=ShowHide(173424);><b><i>STATION ENHANCEMENTS<br clear=left></i>[W] Whitehall St-bound trains skip Broadway and 39 Av</a><br/><br/><div id= 173424 class=""plannedWorkDetail"" ></b>Weekend, 7 AM to 9 PM, Saturday, Nov 18<br>                 9 AM to 7 PM, Sunday, Nov 19<br><br>For service <i>to</i> these stations, take the [W] to Queensboro Plaza and transfer to an Astoria-bound [N] or [W]*.<br><br>For service <i>from</i> these stations, take the [N] or [W] to Astoria Blvd and transfer to a Whitehall St-bound [W].<br><br><i>*This detour has taken into account additional planned service changes.<br><br></i><b>Note:</b> 30 Av and 36 Av are closed for renovation.<br><b><br></div></b><br/>
                <br/><br/>
              
                    <span class=""TitlePlannedWork"" >Planned Work</span>
                    <br/>
                  <a class=""plannedWorkDetailLink"" onclick=ShowHide(169044);><b><i>TRACK REPLACEMENT</i><br clear=left>[Q] No trains between Brighton Beach and Stillwell Av</a><br/><br/><div id= 169044 class=""plannedWorkDetail"" >[SB] Free shuttle buses provide alternate service<br></b>Weekends, 4:45 AM Sat to 10 PM Sun, until Nov 19<br><br><b>[Q]</b> service operates between <b>96 St</b> and <b>Brighton Beach</b>.<br><br>[SB] Buses operate between <b>Brighton Beach</b> and <b>Stillwell Av</b>, stopping at <b>Ocean Pkwy</b> and <b>West 8 St</b>.<br><br>&bull; </font>Transfer between trains and [SB] buses at Brighton Beach or Stillwell Av.<br><br>For direct service between Stillwell Av and Manhattan/Downtown Brooklyn,<br>take the [D]* [F] or [N] instead.<br><br></font><font size=3><b><a style=""cursor:pointer; text-decoration:underline;"" onclick=ShowHide(1690440)>Show Shuttle Bus Stops</a></b></font>                           [TP]<div id=""1690440""; style=""display:none;""><br><table class=plannedworkTableStyle  border=1 cellspacing=1 cellpadding=3 rules=rows frame=hsides><tr bgcolor=#FAF8CC><td><b>Station      </b></td><td><b>Shuttle Bus Stop</b><tr><td>Brighton Beach  [QS]<td></font>Brighton Beach Av at Brighton 6 St<tr><td></font>Ocean Pkwy<td></font>W Brighton Av at Ocean Pkwy<tr><td>West 8 St [F]<td>Surf Av at W 8 St<tr><td>Stillwell Av  [ad]  [DS]* [FS] [NS]  <td>Surf Av at Stillwell Av</table></div><br><br><i>*No [D] trains in Brooklyn, Nov 18 - 19.<br><br></i></font><table class=plannedworkTableStyle  border=1 cellspacing=1 cellpadding=5 rules=none frame=box><td>  [ad]  <td><font size=1>This service change affects one or more ADA accessible stations. Please call 511 for help with planning<br>your trip. If you are deaf or hard of hearing, use your preferred relay service provider or the free 711 relay.  </font></table><br><b><br></div></b><br/>
                <br/><br/>
              
                    <span class=""TitlePlannedWork"" >Planned Work</span>
                    <br/>
                  <a class=""plannedWorkDetailLink"" onclick=ShowHide(172378);><b><i>ELECTRICAL IMPROVEMENTS</i><br clear=left>[Q] 96 St-bound trains run express from Sheepshead Bay to Prospect Park</a><br/><br/><div id= 172378 class=""plannedWorkDetail"" ></b>Weekend, 4:45 AM Sat to 10 PM Sun, Nov 18 - 19<br><br>Trains stop at Kings Hwy, Newkirk Plaza and Church Av.<br><br>For service <i>to </i>Neck Rd, Avenue U,<i> </i>Avenue M, Avenue J, Avenue H, Cortelyou, Beverley Rds <br>and Parkside Av, take  the [Q] to Kings Hwy, Newkirk Plaza, Church Av or Prospect Park <br>and transfer to a Brighton Beach-bound* [Q].<br><br>For service <i>from </i>these stations, take the [Q] to Church Av, Newkirk Plaza, Kings Hwy <br>or Sheepshead Bay and transfer to a 96 St-bound [Q].<br><br><i>*This detour has taken into account additional planned service changes.<br></i><b><br></div></b><br/>
                <br/><br/>
              
                    <span class=""TitlePlannedWork"" >Planned Work</span>
                    <br/>
                  <a class=""plannedWorkDetailLink"" onclick=ShowHide(173422);><b><i>STATION ENHANCEMENTS</i><br clear=left>[N] Coney Island-bound trains skip Broadway and 39 Av</a><br/><br/><div id= 173422 class=""plannedWorkDetail"" ></b>Weekend, 9:45 PM Fri to 5 AM Mon, Nov 17 - 20<br><br>For service <i>to</i> these stations, take the [N] to Queensboro Plaza and transfer to an Astoria-bound [N] or [W]*.<br><br>For service <i>from</i> these stations, take the [N] or [W] to Astoria Blvd and transfer to a Coney Island-bound [N].<br><br><i>*This detour has taken into account additional planned service changes.<br><br></i><b>Note:</b> 30 Av and 36 Av are closed for renovation.<br><b><br></div></b><br/>
                <br/><br/>
              
                    <span class=""TitlePlannedWork"" >Planned Work</span>
                    <br/>
                  <a class=""plannedWorkDetailLink"" onclick=ShowHide(170686);><b><i>STATION IMPROVEMENTS</i><br clear=left>[N] Trains run via the [D] in both directions between 36 St and Stillwell Av</a><br/><br/><div id= 170686 class=""plannedWorkDetail"" >[R] trains and [SB] free shuttle buses provide alternate service<br></b>Weekend, 11:30 PM Fri to 5 AM Mon, Nov 17 - 20<br><br>No <b>[N]</b> trains at <b>45, 53, 59 Sts, 8 Av, Fort Hamilton Pkwy, 18, 20 Avs, Bay Pkwy, <br>Kings Hwy, Avenue U </b>and<b> 86 St.<br><br>[SB]</b> Buses operate between <b>Stillwell Av</b> and <b>59 St</b> stopping at<b> 8 Av, Fort Hamilton Pkwy, <br>New Utrecht, 18, 20 Avs, Bay Pkwy, Kings Hwy, Avenue U </b>and<b> 86 St.<br><br>[R]</b> trains provide alternate service at <b>59 St</b>, <b>53 St</b>, <b>45 St</b> and <b>36 St</b>.<br><br><table class=plannedworkTableStyle  width=70%<tr><td><font size=3><b>Travel Alternatives</b></font><td align=right>[TP]</table> <br>&bull; Transfer between <b>[N]</b> trains and <b>[SB]</b> buses at <b>62 St/New Utrecht Av</b> or<b><i> </i>Stillwell Av.<br></b>&bull; Transfer between <b>[N]</b> and <b>[R]</b> trains at <b>36 St</b>.<br></font>&bull; Transfer between <b>[R]</b> trains and <b>[SB]</b> buses at <b>59 St</b>.<br><br></font><html><br><font size=3><b><a style=""cursor:pointer; text-decoration:underline;"" onclick=ShowHide(1706860);>Show Shuttle Bus Stops</a></b></font><div id=""1706860""; style=""display:none;""><table class=plannedworkTableStyle  border=1 width=70% cellspacing=1 cellpadding=3 rules=rows frame=hsides><br><tr bgcolor=FAF8CC><td><b>Station</b><td><b>Shuttle Bus Stop</b><td><b>Bus<br></b><tr><td>59 St [R]<td>4 Av at 59 St<td>&mdash;<tr><td>8 Av<td>60 St at 8 Av<td><b>B9<br></b><tr><td>Fort Hamilton Pkwy<td>60 St at Fort Hamilton Pkwy<td><b>B9<br></b><tr><td>62 St/New Utrecht Av [N]    <td>New Utrecht Av at 62 St<td>&mdash;<br><tr><td>18 Av<td>65 St at 18 Av<td>&mdash;<tr><td>20 Av<td>65 St at 20 Av<td>&mdash;<br><tr><td rowspan=2>Bay Pkwy  [ad] <td>Bay Pkwy at W 7 St (to 36 St)<td><b>B82<br></b><tr><td>Bay Pkwy at 65 St (to Stillwell Av)<td><b>B6<br></b><tr><td>Kings Hwy<td>Kings Hwy at W 7 St<td><b>B82<br></b><tr><td>Avenue U<td>W 6 St at Avenue U<td>&mdash;<br><tr><td rowspan=2>86 St<td>W 6 St at 86 St (to 36 St)<td>&mdash;<br><tr><td>W 6 St at Avenue W (to Stillwell Av)<td>&mdash;<br><tr><td>Stillwell Av [ad] [F] [N] <td>Surf Av at Stillwell Av<td><b>B36</b></table></div></html>  <br><br><b>Reminder:</b> Coney Island-bound platforms at Fort Hamilton Pkwy, New Utrecht Av, 18 Av, 20 Av, Kings Hwy,<br>Avenue U, and 86 St are closed for renovation. <br><b><br></div></b><br/>
                <br/><br/>
              "
"10","S","GOOD SERVICE",""
"11","SIR","PLANNED WORK","
                    <span class=""TitlePlannedWork"" >Planned Work</span>
                    <br/>
                  <a class=""plannedWorkDetailLink"" onclick=ShowHide(172981);><b><i>SCHEDULED MAINTENANCE</i><BR CLEAR=LEFT>[SIR] Trains board at the Tottenville-bound platform from Arthur Kill to Prince's Bay Stations</a><br/><br/><div id= 172981 class=""plannedWorkDetail"" ></b>Weekend, 7 AM to 7 PM, Sat <i>and </i>Sun, Nov 18 - 19<br><br>&bull; Boarding change includes <b>Arthur Kill</b>, <b>Richmond Valley</b>, <b>Pleasant Plains</b> and <br>  <b>Prince's Bay Stations</b>.<br><b><br></div></b><br/>
                <br/><br/>
              "
"12","B1 - B84","DELAYS","
                  <span class=""TitleDelay"">Delays</span>
                  <span class=""DateStyle"">
                  &nbsp;Posted:&nbsp;11/18/2017&nbsp; 2:17PM
                  </span>
                  <br/>
                  <br/>
                <P><STRONG>B62, Q32, Q39, Q60, Q66, Q67, Q100, Q101, Q102, QM2, QM3 </STRONG>and<STRONG>Â QM20</STRONG> buses are running with delays in both directions, due to traffic conditions in the Queens Plaza area. </P>
<P>Allow additional travel time.</P>
              <br/>
              <br/>
            
                  <span class=""TitlePlannedWork"" >Planned Detour</span>
                  <br/>
                <a class=""plannedWorkDetailLink"" onclick=ShowHide(173773);><b>B44/B44 </b>SBS - <b>Southbound buses rerouted from Nostrand Av at Eastern Pkwy to Empire Blvd</a><br/><br/><div id= 173773 class=""plannedWorkDetail"" ></b>8 AM to 5 PM, Saturday, Nov 18<br><br>Due to a local event, buses run via <b>Bedford Av </b>making corresponding stops.<br><br><b><i><a style=""cursor:pointer; text-decoration:underline;"" onclick=ShowHide(1737730);>Show Reroute Details</a></i></b><br><div id=""1737730""; style=""display:none;"">Via Nostrand Av<br>Right on Eastern Pkwy<br>Left on Bedford Av<br>Left on Empire Blvd<br>Right on Nostrand Av then regular route</div><br><b><br></div></b><br/>
              <br/>
              <br/>
            
                  <span class=""TitlePlannedWork"" >Planned Detour</span>
                  <br/>
                <a class=""plannedWorkDetailLink"" onclick=ShowHide(173659);><b>B41 and B67 </b>- <b>Southbound buses bypass the stop on Flatbush Av at Bergen St</a><br/><br/><div id= 173659 class=""plannedWorkDetail"" ></b>Until further notice<br><br>Due to construction, please use the nearby stop <b>on Flatbush Av </b>at <a href=http://bustime.mta.info/#307360 target=_blank><font color=#0000FF><b><u>St Marks Av</b></u></font></a>.<br><br><b>Reminder</b>: <a href=http://web.mta.info/nyct/bus/schedule/bkln/b067cur.pdf target=_blank><font color=#0000FF><b><u>B67</b></u></font></a> buses do not operate overnight.<br><b>                              [TP]<br></div></b><br/>
              <br/>
              <br/>
            
                  <span class=""TitlePlannedWork"" >Planned Detour</span>
                  <br/>
                <a class=""plannedWorkDetailLink"" onclick=ShowHide(140601);><b>B24</b> - <b>Northbound buses may experience delays due to construction on Greenpoint Av at West St  </a><br/><br/><div id= 140601 class=""plannedWorkDetail"" ></b>Until further notice<br><br>&bull; </font>Please allow additional travel time.<br><b>          </b><a href=http://bustime.mta.info/#b24 target=_blank><img height=30px src=http://web.mta.info/nyct/images/Bus_Time_logo.png></a><br></div></b><br/>
              <br/>
              <br/>
            
                  <span class=""TitlePlannedWork"" >Planned Detour</span>
                  <br/>
                <a class=""plannedWorkDetailLink"" onclick=ShowHide(173538);><b>B13, B24, B32, B38/B38 </b>LTD<b>, B47, B48, B57, B60, B62, Q54 and Q59 buses<br clear=left>may experience delays due to maintenance on the Grand St Bridge</a><br/><br/><div id= 173538 class=""plannedWorkDetail"" ></b>Until further notice<br><br>&bull; Please allow additional travel time.<br><b></b>          <a href=http://bustime.mta.info/ target=_blank><img height=30px src=http://web.mta.info/nyct/images/Bus_Time_logo.png></a><br></div></b><br/>
              <br/>
              <br/>
            "
"13","B100 - B103","GOOD SERVICE",""
"14","BM1 - BM5","PLANNED WORK","
                  <span class=""TitlePlannedWork"" >Planned Detour</span>
                  <br/>
                <a class=""plannedWorkDetailLink"" onclick=ShowHide(138552);><b>QM15 and BM5 weekend delays in the Queens Midtown Tunnel</a><br/><br/><div id= 138552 class=""plannedWorkDetail"" ></b>Until Spring 2018<br><br>Due to <a href=http://web.mta.info/sandy/bandt.htm target=_blank><font color=#0000FF><b><u>Superstorm Sandy</u></b></font></a> restoration and repair work, please allow additional travel time.<br><br><b>Reminder</b>: <a href=http://web.mta.info/busco/schedules/qm015cur.pdf target=_blank><font color=#0000FF><b><u>QM15</b></u></font></a> and <a href=http://web.mta.info/busco/schedules/bm005cur.pdf target=_blank><font color=#0000FF><b><u>BM5</b></u></font></a> buses do not operate Sundays or overnight.<br><br><b></b>          <a href=http://bustime.mta.info/ target=_blank><img height=30px src=http://web.mta.info/nyct/images/Bus_Time_logo.png></a><br></div></b><br/>
              <br/>
              <br/>
            "
"15","BX1 - BX55","SERVICE CHANGE","
                  <span class=""TitleServiceChange"" >Service Change</span>
                  <span class=""DateStyle"">
                  &nbsp;Posted:&nbsp;11/18/2017&nbsp; 2:13PM
                  </span>
                  <br/>
                  <br/>
                <P><STRONG>M4 </STRONG>and <STRONG>M5</STRONG> buses are detoured because of FDNY activity on Broadway and 145 St. </P>
<P>Detour is as follows:</P>
<P><STRONG>M4 and M5 Northbound</STRONG>: Via 135 St, left on Amsterdam Av, left on 145 St, right on Broadway and regular route.</P>
<P><STRONG>M4 and M5 Southbound:</STRONG> Via Broadway, left on 145 St, right on Amsterdam Av, right on 135 St and regular route.</P>
<P>All corresponding bus stops will be made.</P>
              <br/>
              <br/>
            
                  <span class=""TitlePlannedWork"" >Planned Detour</span>
                  <br/>
                <a class=""plannedWorkDetailLink"" onclick=ShowHide(159764);><b>Bx27 and Bx39 stops on Soundview Av/White Plains Rd between Gildersleeve Av and O'Brien Av<br clear=left>temporarily closed</a><br/><br/><div id= 159764 class=""plannedWorkDetail"" ></b>Until further notice<br><br>Due to construction, please </font>use the nearby temporary stop <b>on Soundview Av </b>at O'Brien Av.<br><br><b><i><a style=""cursor:pointer; text-decoration:underline;"" onclick=ShowHide(1597640);>Show Reroute Details</a></i></b><br><div id=""1597640""; style=""display:none;""><b>Bx27 Northbound<br></b>Via Soundview Av<br>Right on Newman Av<br>Left on O'Brien Av<br>Right on Soundview Av then regular route<br><br><b>Bx27 Southbound<br></b>Via Soundview Av<br>Left on O'Brien Av<br>Right on Newman Av<br>Left on Soundview Av then regular route<br><br><b>Bx39 Northbound<br></b>Via Soundview Av<br>Right on Newman Av<br>Left on O'Brien Av<br>Right on White Plains Rd then regular route<br><br><b>Bx39 Southbound<br></b>Via White Plains Rd<br>Left on O'Brien Av<br>Right on Newman Av<br>Left on Soundview Av then regular route</div><br><br><b>Reminder</b>: <a href=http://web.mta.info/nyct/bus/schedule/bronx/bx027cur.pdf target=_blank><font color=#0000FF><b><u>Bx27</b></u></font></a> and <a href=http://web.mta.info/nyct/bus/schedule/bronx/bx039cur.pdf target=_blank><font color=#0000FF><b><u>Bx39</b></u></font></a> buses do not operate overnight.<br></font><b><br></div></b><br/>
              <br/>
              <br/>
            
                  <span class=""TitlePlannedWork"" >Planned Detour</span>
                  <br/>
                <a class=""plannedWorkDetailLink"" onclick=ShowHide(164794);><b>Bx4/Bx4A, Bx5, Bx11 and Bx35 buses may experience delays<br clear=left>due to construction on Westchester Av between Southern Blvd and Hoe Av</a><br/><br/><div id= 164794 class=""plannedWorkDetail"" ></b>Until further notice<br><br>&bull; Please allow additional travel time.<br><b>          </b><a href=http://bustime.mta.info/ target=_blank><img height=30px src=http://web.mta.info/nyct/images/Bus_Time_logo.png></a><br></div></b><br/>
              <br/>
              <br/>
            "
"16","BXM1 - BXM18","GOOD SERVICE",""
"17","M1 - M116","SERVICE CHANGE","
                  <span class=""TitleServiceChange"" >Service Change</span>
                  <span class=""DateStyle"">
                  &nbsp;Posted:&nbsp;11/18/2017&nbsp; 2:13PM
                  </span>
                  <br/>
                  <br/>
                <P><STRONG>M4 </STRONG>and <STRONG>M5</STRONG> buses are detoured because of FDNY activity on Broadway and 145 St. </P>
<P>Detour is as follows:</P>
<P><STRONG>M4 and M5 Northbound</STRONG>: Via 135 St, left on Amsterdam Av, left on 145 St, right on Broadway and regular route.</P>
<P><STRONG>M4 and M5 Southbound:</STRONG> Via Broadway, left on 145 St, right on Amsterdam Av, right on 135 St and regular route.</P>
<P>All corresponding bus stops will be made.</P>
              <br/>
              <br/>
            
                  <span class=""TitleServiceChange"" >Service Change</span>
                  <span class=""DateStyle"">
                  &nbsp;Posted:&nbsp;11/18/2017&nbsp;12:10PM
                  </span>
                  <br/>
                  <br/>
                <P><STRONG>M79-SBS</STRONG> eastbound buses are detoured because of a road obstruction on 81 St between Amsterdam Av and Columbus Av. </P>
<P>Detour is as follows:</P>
<P><STRONG>Eastbound</STRONG>: Via Amsterdam Av, right on 86 St, right on Columbus Av, left on 81 St and regular route.</P>
<P>81 St and Amsterdam Av bus stop will be made on Amsterdam Av and 81 St at the <STRONG>M11</STRONG> bus stop.</P>
<P>Â </P>
<P>Â </P>
<P>Â </P>
              <br/>
              <br/>
            
                  <span class=""TitlePlannedWork"" >Planned Detour</span>
                  <br/>
                <a class=""plannedWorkDetailLink"" onclick=ShowHide(173518);><b>M5/M5 </b>LTD <b>and M7</b> -<b> Northbound holiday bus stop changes in Midtown</a><br/><br/><div id= 173518 class=""plannedWorkDetail"" ></b>Beginning Sat, Nov 18 until Sat, Jan 6, 2018<br><br>Buses will not stop on 6 Av at 49 St or 50 St.  Please use the nearby stop <b>on 51 St</b> instead.<br>Local buses also stop <b>on 47 St</b>.<br><br><b>Reminder</b>: <a href=http://web.mta.info/nyct/bus/schedule/manh/m005cur.pdf target=_blank><font color=#0000FF><b><u>M5 LTD</u></b></font><a/> buses do not operate weekends or overnight.<br><br><b>Note</b>: Thursday, Nov 23, buses operate on a Sunday schedule.<br><b>                              [TP]<br></div></b><br/>
              <br/>
              <br/>
            
                  <span class=""TitlePlannedWork"" >Planned Detour</span>
                  <br/>
                <a class=""plannedWorkDetailLink"" onclick=ShowHide(173356);><b>M5, M7 and M55</b> - <b>Northbound buses rerouted from 6 Av at 42 St to 59 St</a><br/><br/><div id= 173356 class=""plannedWorkDetail"" ></b>8 AM to 8 PM, Saturday, Nov 18<br><br>Due to a local event, buses run via <b>8 Av </b>making corresponding stops.<br><br><b><i><a style=""cursor:pointer; text-decoration:underline;"" onclick=ShowHide(1733560);>Show Reroute Details</a></i></b><br><div id=""1733560""; style=""display:none;""><b>M5 and M7<br></b>Via 6 Av<br>Left on 42 St<br>Right on 8 Av into Columbus Circle (59 St) then regular route<br><br><b>M55<br></b>Via 6 Av<br>Right on 42 St<br>Right on 5 Av then regular route</div><br><b><br></div></b><br/>
              <br/>
              <br/>
            
                  <span class=""TitlePlannedWork"" >Planned Detour</span>
                  <br/>
                <a class=""plannedWorkDetailLink"" onclick=ShowHide(170948);><b>M31 and M57</b> - <b>Eastbound buses bypass the stop on 57 St at 8 Av</a><br/><br/><div id= 170948 class=""plannedWorkDetail"" ></b>Until further notice<br><br>Due to construction, please use the nearby stop<b> on 57 St </b>at Broadway.<br><b>                              [TP]<br></div></b><br/>
              <br/>
              <br/>
            
                  <span class=""TitlePlannedWork"" >Planned Detour</span>
                  <br/>
                <a class=""plannedWorkDetailLink"" onclick=ShowHide(173516);><b>M2/M2 </b>LTD<b>, M3 and M5/M5 </b>LTD - <b>Southbound holiday bus stop changes in Midtown</a><br/><br/><div id= 173516 class=""plannedWorkDetail"" ></b>Beginning Sat, Nov 18 until Sat, Jan 6, 2018<br><br>Buses will not stop on 5 Av at 50 St.  Please use the nearby stop<b> on 53 St</b> instead.<br>Local buses also stop <b>on 47 St</b>.<br><br><b>Reminder</b>: <a href=http://web.mta.info/nyct/bus/schedule/manh/m002cur.pdf target=_blank><font color=#0000FF><b><u>M2 LTD</u></b></font><a/>, <a href=http://web.mta.info/nyct/bus/schedule/manh/m003cur.pdf target=_blank><font color=#0000FF><b><u>M3</u></b></font><a/> and <a href=http://web.mta.info/nyct/bus/schedule/manh/m005cur.pdf target=_blank><font color=#0000FF><b><u>M5/M5 LTD</u></b></font><a/> buses do not operate all times.<br><br><b>Note</b>: Thursday, Nov 23, buses operate on a Sunday schedule.<br><b>                              [TP]<br></div></b><br/>
              <br/>
              <br/>
            
                  <span class=""TitlePlannedWork"" >Planned Detour</span>
                  <br/>
                <a class=""plannedWorkDetailLink"" onclick=ShowHide(77041);><b>M2/M2</b> LTD<b> and M3 - Southbound stop on Broadway at 168 St temporarily relocated</a><br/><br/><div id= 77041 class=""plannedWorkDetail"" ></b>Until further notice<br><br>Due to construction, please follow directional signage to nearby temporary stops <b>on 168 St</b> at Audubon Av<br clear =left>(M2/M2 LTD) and <b>on 168 St </b>at Broadway (M3).<br><br><b>Reminder</b>: <a href=http://web.mta.info/nyct/bus/schedule/manh/m002cur.pdf target=_blank><font color=#0000FF><b><u>M2 LTD</u></b></font><a/> and <a href=http://web.mta.info/nyct/bus/schedule/manh/m003cur.pdf target=_blank><font color=#0000FF><b><u>M3</u></b></font><a/> buses do not operate overnight.<br><b>                              [TP]<br></div></b><br/>
              <br/>
              <br/>
            
                  <span class=""TitlePlannedWork"" >Planned Detour</span>
                  <br/>
                <a class=""plannedWorkDetailLink"" onclick=ShowHide(173514);><b>M1/M1</b> LTD<b>, M4/M4 </b>LTD and <b>Q32 </b>-<b> South/Westbound holiday bus stop changes in Midtown</a><br/><br/><div id= 173514 class=""plannedWorkDetail"" ></b>Beginning Sat, Nov 18 until Sat, Jan 6, 2018<br><br>Buses will not stop on 5 Av at 49 St.  Please use the nearby stop <b>on 52 St </b>instead.<br>Local buses also stop <b>on 46 St</b>.    <br><br><b>Reminder</b>: <a href=http://web.mta.info/nyct/bus/schedule/manh/m001cur.pdf target=_blank><font color=#0000FF><b><u>M1 LTD</u></b></font><a/> and <a href=http://web.mta.info/nyct/bus/schedule/manh/m004cur.pdf target=_blank><font color=#0000FF><b><u>M4 LTD</u></b></font><a/><b> </b>buses do not operate weekends.<br><br><b>Note</b>: Thursday, Nov 23, buses operate on a Sunday schedule.<br><b>                              [TP]<br></div></b><br/>
              <br/>
              <br/>
            "
"18","Q1 - Q113","DELAYS","
                  <span class=""TitleDelay"">Delays</span>
                  <span class=""DateStyle"">
                  &nbsp;Posted:&nbsp;11/18/2017&nbsp; 2:17PM
                  </span>
                  <br/>
                  <br/>
                <P><STRONG>B62, Q32, Q39, Q60, Q66, Q67, Q100, Q101, Q102, QM2, QM3 </STRONG>and<STRONG>Â QM20</STRONG> buses are running with delays in both directions, due to traffic conditions in the Queens Plaza area. </P>
<P>Allow additional travel time.</P>
              <br/>
              <br/>
            
                  <span class=""TitleDelay"">Delays</span>
                  <span class=""DateStyle"">
                  &nbsp;Posted:&nbsp;11/18/2017&nbsp; 2:17PM
                  </span>
                  <br/>
                  <br/>
                <P><STRONG>Q12, Q13, Q15, Q15A, Q16, Q17, Q19, Q20A, Q20B, Q25, Q26, Q27, Q28, Q34, Q44-SBS, Q48, Q50, Q65</STRONG> and<STRONG> Q66 </STRONG>buses areÂ running with delaysÂ in both directions because of traffic conditions in the downtown Flushing area.</P>
<P>Â </P>
              <br/>
              <br/>
            
                  <span class=""TitleDelay"">Delays</span>
                  <span class=""DateStyle"">
                  &nbsp;Posted:&nbsp;11/18/2017&nbsp; 2:14PM
                  </span>
                  <br/>
                  <br/>
                <STRONG>Q27</STRONG> and<STRONG> Q30</STRONG> buses are running with delays in both directions because of milling on Springfield Blvd between Horace Harding Expressway and 56 Av.
              <br/>
              <br/>
            
                  <span class=""TitlePlannedWork"" >Planned Detour</span>
                  <br/>
                <a class=""plannedWorkDetailLink"" onclick=ShowHide(173793);><b>Q70 </b>SBS<b> buses are fare free for the Thanksgiving holiday week</a><br/><br/><div id= 173793 class=""plannedWorkDetail"" ></b>Until 11:59 PM Sun, Nov 26<br><br>Ride free on the <a href=http://web.mta.info/busco/schedules/q070scur.pdf target=_blank><font color=#0000FF><b><u>LaGuardia Link Q70 SBS</u></b></font></a>. Customers do not have to <br>obtain a Select Bus Service ticket and may board at any door.<br><br><a href=http://laguardiaairport.com/traveladvisories/ target=_blank><font color=#0000FF><b><u>Click here</u></b></font></a> for LaGuardia Airport travel advisories.<br><br><b>Note:</b> Customers transferring to the subway will still have to pay the subway fare.<br><b><br></div></b><br/>
              <br/>
              <br/>
            
                  <span class=""TitlePlannedWork"" >Planned Detour</span>
                  <br/>
                <a class=""plannedWorkDetailLink"" onclick=ShowHide(168561);><b>Q64, QM4 and QM44 buses may experience delays<br clear=left>due to construction on the Jewel Av exit of the Van Wyck Expy</a><br/><br/><div id= 168561 class=""plannedWorkDetail"" ></b>Until further notice<br><br>&bull; Please allow additional travel time.<br><b>          </b><a href=http://bustime.mta.info/ target=_blank><img height=30px src=http://web.mta.info/nyct/images/Bus_Time_logo.png></a><br></div></b><br/>
              <br/>
              <br/>
            
                  <span class=""TitlePlannedWork"" >Planned Detour</span>
                  <br/>
                <a class=""plannedWorkDetailLink"" onclick=ShowHide(173241);><b>Q59 buses rerouted from the Grand St Bridge</a><br/><br/><div id= 173241 class=""plannedWorkDetail"" ></b>Until further notice<br><br>Due to bridge maintenance, buses run via<b> Flushing Av</b> and <b>Metropolitan Av </b>making corresponding stops in both directions.<br><br><b><i><a style=""cursor:pointer; text-decoration:underline;"" onclick=ShowHide(1732410);>Show Reroute Details</a></i></b><br><div id=""1732410""; style=""display:none;""><b>Eastbound<br></b>Via Metropolitan Av<br>Left on Flushing Av<br>Left on 54 St<br>Right on Grand Av then regular route<br><br><b>Westbound<br></b>Via Grand Av<br>Left on 55 St<br>Right on Flushing Av<br>Right on Metropolitan Av then regular route</div><br><b><br></div></b><br/>
              <br/>
              <br/>
            
                  <span class=""TitlePlannedWork"" >Planned Detour</span>
                  <br/>
                <a class=""plannedWorkDetailLink"" onclick=ShowHide(173774);><b>Q58/Q58 </b>LTD - <b>No service between Horace Harding Expy at College Point Blvd and Main St at 41 Rd</a><br/><br/><div id= 173774 class=""plannedWorkDetail"" ></b>7 AM until event ends, Saturday, Nov 18<br><br>Due to the <a href=https://www.queenshalf.com/ target=_blank><font color=#0000FF><b><u>Queens Half Marathon</u></b></font></a>, buses operate between Horace Harding Expy at College Point Blvd and Myrtle-Wyckoff Avs in both directions.<br><b><br></div></b><br/>
              <br/>
              <br/>
            
                  <span class=""TitlePlannedWork"" >Planned Detour</span>
                  <br/>
                <a class=""plannedWorkDetailLink"" onclick=ShowHide(147045);><b>Q38, Q39, Q54, Q58/Q58 </b>LTD<b> and Q67 buses may experience delays<br clear=left>due to construction on Metropolitan Av at Fresh Pond Rd</a><br/><br/><div id= 147045 class=""plannedWorkDetail"" ></b>6 AM to 10 PM, until further notice<br><br>&bull; Please allow additional travel time.<br></font><b>          </b></font><a href=http://bustime.mta.info/ target=_blank><img height=30px src=http://web.mta.info/nyct/images/Bus_Time_logo.png></a><br></div></b><br/>
              <br/>
              <br/>
            
                  <span class=""TitlePlannedWork"" >Planned Detour</span>
                  <br/>
                <a class=""plannedWorkDetailLink"" onclick=ShowHide(152128);><b>Q27/Q27 </b>LTD<b>, Q30, QM5 and QM35 buses may experience delays<br clear=left>due to construction on Springfield Blvd between Horace Harding Expy and 56 Av</a><br/><br/><div id= 152128 class=""plannedWorkDetail"" ></b>Until further notice<br><br>&bull; Please allow additional travel time.<br></font><b>          </b></font><a href=http://bustime.mta.info/ target=_blank><img height=30px src=http://web.mta.info/nyct/images/Bus_Time_logo.png></a><br></div></b><br/>
              <br/>
              <br/>
            
                  <span class=""TitlePlannedWork"" >Planned Detour</span>
                  <br/>
                <a class=""plannedWorkDetailLink"" onclick=ShowHide(173514);><b>M1/M1</b> LTD<b>, M4/M4 </b>LTD and <b>Q32 </b>-<b> South/Westbound holiday bus stop changes in Midtown</a><br/><br/><div id= 173514 class=""plannedWorkDetail"" ></b>Beginning Sat, Nov 18 until Sat, Jan 6, 2018<br><br>Buses will not stop on 5 Av at 49 St.  Please use the nearby stop <b>on 52 St </b>instead.<br>Local buses also stop <b>on 46 St</b>.    <br><br><b>Reminder</b>: <a href=http://web.mta.info/nyct/bus/schedule/manh/m001cur.pdf target=_blank><font color=#0000FF><b><u>M1 LTD</u></b></font><a/> and <a href=http://web.mta.info/nyct/bus/schedule/manh/m004cur.pdf target=_blank><font color=#0000FF><b><u>M4 LTD</u></b></font><a/><b> </b>buses do not operate weekends.<br><br><b>Note</b>: Thursday, Nov 23, buses operate on a Sunday schedule.<br><b>                              [TP]<br></div></b><br/>
              <br/>
              <br/>
            
                  <span class=""TitlePlannedWork"" >Planned Detour</span>
                  <br/>
                <a class=""plannedWorkDetailLink"" onclick=ShowHide(173538);><b>B13, B24, B32, B38/B38 </b>LTD<b>, B47, B48, B57, B60, B62, Q54 and Q59 buses<br clear=left>may experience delays due to maintenance on the Grand St Bridge</a><br/><br/><div id= 173538 class=""plannedWorkDetail"" ></b>Until further notice<br><br>&bull; Please allow additional travel time.<br><b></b>          <a href=http://bustime.mta.info/ target=_blank><img height=30px src=http://web.mta.info/nyct/images/Bus_Time_logo.png></a><br></div></b><br/>
              <br/>
              <br/>
            "
"19","QM1 - QM44","DELAYS","
                  <span class=""TitleDelay"">Delays</span>
                  <span class=""DateStyle"">
                  &nbsp;Posted:&nbsp;11/18/2017&nbsp; 2:17PM
                  </span>
                  <br/>
                  <br/>
                <P><STRONG>B62, Q32, Q39, Q60, Q66, Q67, Q100, Q101, Q102, QM2, QM3 </STRONG>and<STRONG>Â QM20</STRONG> buses are running with delays in both directions, due to traffic conditions in the Queens Plaza area. </P>
<P>Allow additional travel time.</P>
              <br/>
              <br/>
            
                  <span class=""TitlePlannedWork"" >Planned Detour</span>
                  <br/>
                <a class=""plannedWorkDetailLink"" onclick=ShowHide(139058);><b>QM2, QM4, QM5 and QM6, weekend delays in the Queens Midtown Tunnel</a><br/><br/><div id= 139058 class=""plannedWorkDetail"" ></b>Until Spring 2018<br><br>Due to <a href=http://web.mta.info/sandy/bandt.htm target=_blank><font color=#0000FF><b><u>Superstorm Sandy</u></b></font></a> restoration and repair work, please allow additional travel time.<br><br><b>Reminder</b>: <a href=http://web.mta.info/busco/schedules/qm002cur.pdf target=_blank><font color=#0000FF><b><u>QM2</u></b></font></a>, <a href=http://web.mta.info/busco/schedules/qm004cur.pdf target=_blank><font color=#0000FF><b><u>QM4 </u></b></font></a>, <a href=http://web.mta.info/busco/schedules/qm001cur.pdf target=_blank><font color=#0000FF><b><u>QM5</u></b></font></a> and <a href=http://web.mta.info/busco/schedules/qm001cur.pdf target=_blank><font color=#0000FF><b><u>QM6</u></b></font></a> buses do not operate overnight.<br><br><b></b>          <a href=http://bustime.mta.info/ target=_blank><img height=30px src=http://web.mta.info/nyct/images/Bus_Time_logo.png></a><br></div></b><br/>
              <br/>
              <br/>
            
                  <span class=""TitlePlannedWork"" >Planned Detour</span>
                  <br/>
                <a class=""plannedWorkDetailLink"" onclick=ShowHide(173549);><b>QM2, QM5 and QM6 </b>-<b> Eastbound buses rerouted from 6 Av at 42 St to 59 St</a><br/><br/><div id= 173549 class=""plannedWorkDetail"" ></b>9 AM to 6 PM, Saturday, Nov 18<br><br>Due to a local event, buses run via <b>Madison Av </b>making corresponding stops.<br><br><b><i><a style=""cursor:pointer; text-decoration:underline;"" onclick=ShowHide(1735490);>Show Reroute Details</a></i></b><br><div id=""1735490""; style=""display:none;""><b>QM2<br></b>Via 6 Av<br>Right on 42 St<br>Left on Madison Av<br>Right on 59 St then regular route<br><br><b>QM5 and QM6<br></b>Via 6 Av<br>Right on 42 St<br>Left on Madison Av<br>Right on 57 St then regular route</div><br><b><br></div></b><br/>
              <br/>
              <br/>
            
                  <span class=""TitlePlannedWork"" >Planned Detour</span>
                  <br/>
                <a class=""plannedWorkDetailLink"" onclick=ShowHide(173675);><b>QM4 and QM15 </b>- <b>Eastbound buses rerouted from 6 Av at 34 St to 57 St</a><br/><br/><div id= 173675 class=""plannedWorkDetail"" ></b>9 AM to 7 PM, Saturday, Nov 18<br><br>Due to a local event, buses run via <b>Madison Av</b> making corresponding stops. <br><br><i>Reroute Details<br></i>Via 34 St<br>Right on Madison Av<br>Right on 57 St then regular route<br><b><br></div></b><br/>
              <br/>
              <br/>
            
                  <span class=""TitlePlannedWork"" >Planned Detour</span>
                  <br/>
                <a class=""plannedWorkDetailLink"" onclick=ShowHide(173527);><b>QM10, QM12 and QM24 </b>- <b>Eastbound holiday bus stop changes in Midtown</a><br/><br/><div id= 173527 class=""plannedWorkDetail"" ></b>Beginning Sat, Nov 18 until Sat, Jan 6, 2018<br><br>Buses will not stop on 6 Av at 49 St or 50 St.  Please use the nearby stop <b>on 6 Av </b>at 51 St instead.<br><br><b>Reminder</b>:  <a href=http://web.mta.info/busco/schedules/qm010cur.pdf target=_blank><font color=#0000FF><b><u>QM10</u></b></font></a>, <a href=http://web.mta.info/busco/schedules/qm012cur.pdf target=_blank><font color=#0000FF><b><u>QM12</u></b></font></a> and <a href=http://web.mta.info/busco/schedules/qm024cur.pdf target=_blank><font color=#0000FF><b><u>QM24</u></b></font></a> buses do not operate weekends or overnight.<br><br><b>Note</b>: Thursday, Nov 23, buses operate on a Sunday schedule.<br><b>                              [TP]<br></div></b><br/>
              <br/>
              <br/>
            
                  <span class=""TitlePlannedWork"" >Planned Detour</span>
                  <br/>
                <a class=""plannedWorkDetailLink"" onclick=ShowHide(173526);><b>QM1, QM5, QM6, QM15, QM16, QM17 and QM18 buses<br clear=left>Eastbound holiday bus stop changes in Midtown</a><br/><br/><div id= 173526 class=""plannedWorkDetail"" ></b>Beginning Sat, Nov 18 until Sat, Jan 6, 2018<br><br>Buses will not stop on 6 Av at 49 St or 51 St. Please use the nearby stop <b>on 6 Av</b> at 48 St.<br><br><b>Reminder</b>: <a href=http://web.mta.info/busco/schedules/qm001cur.pdf target=_blank><font color=#0000FF><b><u>QM1, QM5, QM6</b></u></font></a>, <a href=http://web.mta.info/busco/schedules/qm015cur.pdf target=_blank><font color=#0000FF><b><u>QM15</b></u></font></a>, <a href=http://web.mta.info/busco/schedules/qm16cur.pdf target=_blank><font color=#0000FF><b><u>QM16, QM17</b></u></font></a> and <a href=http://web.mta.info/busco/schedules/qm18cur.pdf target=_blank><font color=#0000FF><b><u>QM18</b></u></font></a> buses do not operate all times.<br><br><b>Note</b>: Thursday, Nov 23, buses operate on a Sunday schedule.<br><b><br></div></b><br/>
              <br/>
              <br/>
            
                  <span class=""TitlePlannedWork"" >Planned Detour</span>
                  <br/>
                <a class=""plannedWorkDetailLink"" onclick=ShowHide(138552);><b>QM15 and BM5 weekend delays in the Queens Midtown Tunnel</a><br/><br/><div id= 138552 class=""plannedWorkDetail"" ></b>Until Spring 2018<br><br>Due to <a href=http://web.mta.info/sandy/bandt.htm target=_blank><font color=#0000FF><b><u>Superstorm Sandy</u></b></font></a> restoration and repair work, please allow additional travel time.<br><br><b>Reminder</b>: <a href=http://web.mta.info/busco/schedules/qm015cur.pdf target=_blank><font color=#0000FF><b><u>QM15</b></u></font></a> and <a href=http://web.mta.info/busco/schedules/bm005cur.pdf target=_blank><font color=#0000FF><b><u>BM5</b></u></font></a> buses do not operate Sundays or overnight.<br><br><b></b>          <a href=http://bustime.mta.info/ target=_blank><img height=30px src=http://web.mta.info/nyct/images/Bus_Time_logo.png></a><br></div></b><br/>
              <br/>
              <br/>
            
                  <span class=""TitlePlannedWork"" >Planned Detour</span>
                  <br/>
                <a class=""plannedWorkDetailLink"" onclick=ShowHide(168561);><b>Q64, QM4 and QM44 buses may experience delays<br clear=left>due to construction on the Jewel Av exit of the Van Wyck Expy</a><br/><br/><div id= 168561 class=""plannedWorkDetail"" ></b>Until further notice<br><br>&bull; Please allow additional travel time.<br><b>          </b><a href=http://bustime.mta.info/ target=_blank><img height=30px src=http://web.mta.info/nyct/images/Bus_Time_logo.png></a><br></div></b><br/>
              <br/>
              <br/>
            
                  <span class=""TitlePlannedWork"" >Planned Detour</span>
                  <br/>
                <a class=""plannedWorkDetailLink"" onclick=ShowHide(152128);><b>Q27/Q27 </b>LTD<b>, Q30, QM5 and QM35 buses may experience delays<br clear=left>due to construction on Springfield Blvd between Horace Harding Expy and 56 Av</a><br/><br/><div id= 152128 class=""plannedWorkDetail"" ></b>Until further notice<br><br>&bull; Please allow additional travel time.<br></font><b>          </b></font><a href=http://bustime.mta.info/ target=_blank><img height=30px src=http://web.mta.info/nyct/images/Bus_Time_logo.png></a><br></div></b><br/>
              <br/>
              <br/>
            "
"20","S40 - S98","GOOD SERVICE",""
"21","x1 - x68","PLANNED WORK","
                  <span class=""TitlePlannedWork"" >Planned Detour</span>
                  <br/>
                <a class=""plannedWorkDetailLink"" onclick=ShowHide(172963);><b>X28 and X38</b> - <b>Northbound buses rerouted from W 20 St at Surf Av to Mermaid Av</a><br/><br/><div id= 172963 class=""plannedWorkDetail"" ></b>Until further notice<br><br>Due to construction, buses run via <b>W 22 St </b>making corresponding stops.<br><br><b><i><a style=""cursor:pointer; text-decoration:underline;"" onclick=ShowHide(1729630);>Show Reroute Details</a></i></b><br><div id=""1729630""; style=""display:none;"">Via Surf Av<br>Left on W 22 St<br>Right on Mermaid Av<br>Left on W 20 St then regular route</div><br><b><br></div></b><br/>
              <br/>
              <br/>
            
                  <span class=""TitlePlannedWork"" >Planned Detour</span>
                  <br/>
                <a class=""plannedWorkDetailLink"" onclick=ShowHide(173530);><b>X1, X7 and X9</b> - <b>Southbound buses rerouted from 5 Av at 50 St to 42 St</a><br/><br/><div id= 173530 class=""plannedWorkDetail"" ></b>Beginning Sat, Nov 18 until Sat, Jan 6, 2018<br><br>Due to Rockefeller Center Holiday events, buses run via <b>7 Av </b>making corresponding stops.<br><br><b><i><a style=""cursor:pointer; text-decoration:underline;"" onclick=ShowHide(1735300);>Show Reroute Details</a></i></b><br><div id=""1735300""; style=""display:none;"">Via 7 Av to 50 St<br>Continue on 7 Av<br>Left on 42 St<br>Right on 5 Av then regular route</div><br><br><b>Reminder</b>: <a href=http://web.mta.info/nyct/bus/schedule/xpress/x001cur.pdf target=_blank><font color=#0000FF><b><u>X7, X9</b></u></font></a> </font>buses do not operate weekends or overnight.<br><br><b>Note</b>:  Thursday, Nov 23, buses operate on a Sunday schedule.<br><b>                              [TP]<br></div></b><br/>
              <br/>
              <br/>
            
                  <span class=""TitlePlannedWork"" >Planned Detour</span>
                  <br/>
                <a class=""plannedWorkDetailLink"" onclick=ShowHide(173529);><b>X1</b> - <b>Northbound buses rerouted from 6 Av at 23 St to 57 St </a><br/><br/><div id= 173529 class=""plannedWorkDetail"" ></b>10 AM to 6 PM, Saturday, Nov 18<br><br>Due to a local event, buses run via <b>8 Av </b>making corresponding stops.<br><br><b><i><a style=""cursor:pointer; text-decoration:underline;"" onclick=ShowHide(1735290);>Show Reroute Details</a></i></b><br><div id=""1735290""; style=""display:none;"">Via 6 Av<br>Left on 23 St<br>Right on 8 Av<br>Right on 57 St<br>Left on 6 Av then regular route</div><br><b><br></div></b><br/>
              <br/>
              <br/>
            "
"22","Bronx-Whitestone","GOOD SERVICE",""
"23","Cross Bay","GOOD SERVICE",""
"24","Henry Hudson","GOOD SERVICE",""
"25","Hugh L. Carey","GOOD SERVICE",""
"26","Marine Parkway","GOOD SERVICE",""
"27","Queens Midtown","PLANNED WORK","
                    <span class=""TitlePlannedWork"" >Planned Work</span>
                    <br/>
                  <P style=""MARGIN: 0in 0in 0pt""><FONT size=3><FONT face=Calibri>REMINDER: Queens Midtown Tunnel: Fast-track Sandy restoration work at QMT, Friday 10:00 PM until Monday 6:00 AM.Â  One tube will be closed throughout the weekend with two-way traffic operations in the other tube.Â  Motorists are advised to expect MAJOR DELAYS UP TO ONE HOUR AND SEEK ALTERNATE ROUTES.Â Â <FONT size=3 face=Calibri>Â </FONT></FONT></FONT></P>
                <br/><br/>
              
                    <span class=""TitlePlannedWork"" >Planned Work</span>
                    <br/>
                  <body bgcolor='White' style='font-family:sans-serif;font-size:10pt;'></body>
                <br/><br/>
              "
"28","Robert F. Kennedy","GOOD SERVICE",""
"29","Throgs Neck","GOOD SERVICE",""
"30","Verrazano-Narrows","GOOD SERVICE",""
"31","Babylon","GOOD SERVICE",""
"32","City Terminal Zone","GOOD SERVICE",""
"33","Far Rockaway","GOOD SERVICE",""
"34","Hempstead","GOOD SERVICE",""
"35","Long Beach","GOOD SERVICE",""
"36","Montauk","GOOD SERVICE",""
"37","Oyster Bay","GOOD SERVICE",""
"38","Port Jefferson","DELAYS","
                    <span class=""TitleDelay"">Delays</span>
                    <span class=""DateStyle"">
                    &nbsp;Posted:&nbsp;11/18/2017&nbsp; 2:38PM
                    </span><br/><br/>
                  The 2:03PM train from Huntington due Penn at 3:07PM is delayed near Cold
 Spring Harbor due to slippery rail conditions - where train wheels slip
 while accelerating, or slide during braking - caused by oily residue 
left by crushed leaves on the rails. See attached link for info on how 
we combat slippery rail conditions.Â  Â  Â  Â  Â Â 
                <br/><br/>
              "
"39","Port Washington","GOOD SERVICE",""
"40","Ronkonkoma","PLANNED WORK","
                    <span class=""TitlePlannedWork"" >Planned Work</span>
                    <br/>
                  <body bgcolor='White' style='font-family:sans-serif;font-size:10pt;'><font face=""Times New Roman"" size=""3"">

</font><p style=""background: white; margin: 0in 7.5pt 0pt 0in;""><font face=""Times New Roman"" size=""3"">

<b><span lang=""EN"" style='color: rgb(51, 51, 51); font-family: ""Helvetica"",sans-serif; font-size: 10pt;'>11/18-19:Â 
Buses Replace Weekend Trains </span></b><b><span lang=""EN"" style='font-family: ""Helvetica"",sans-serif; font-size: 10pt;'>b<span style=""color: rgb(51, 51, 51);"">etween Ronkonkoma & Hicksville; <i>Greenport
Departure Times Altered</i></span></span></b></font></p><p style=""background: white; margin: 0in 7.5pt 0pt 0in;""><font face=""Times New Roman"" size=""3"">

<br></font></p><p style=""background: white; margin: 0in 7.5pt 0pt 0in;""><b><span lang=""EN"" style='color: rgb(51, 51, 51); font-family: ""Helvetica"",sans-serif; font-size: 10pt;'>What's
happening?</span></b><span lang=""EN"" style='color: rgb(51, 51, 51); font-family: ""Helvetica"",sans-serif; font-size: 10pt;'><br>
Buses will replace trains between Ronkonkoma and Hicksville on Saturday,
November 18 and Sunday, November </span><span lang=""EN"" style='font-family: ""Helvetica"",sans-serif; font-size: 10pt;'>19 <span style=""color: rgb(51, 51, 51);"">to accommodate switch installation work. Busing will
begin at 12:48 AM on Saturday morning and continue through 12:46 AM Monday
morning. Service will be affected as follows:</span></span></p><p style=""background: white; margin: 0in 7.5pt 0pt 0in;""><span lang=""EN"" style='font-family: ""Helvetica"",sans-serif; font-size: 10pt;'><span style=""color: rgb(51, 51, 51);""><br></span></span></p><p style=""background: white; margin: 0in 7.5pt 0pt 0in;""><span lang=""EN"" style='font-family: ""Helvetica"",sans-serif; font-size: 10pt;'><span style=""color: rgb(51, 51, 51);""><strong><u>Westbound</u></strong></span></span></p><span lang=""EN"" style='font-family: ""Helvetica"",sans-serif; font-size: 10pt;'><span style=""color: rgb(51, 51, 51);""><p style=""background: white; margin: 0in 7.5pt 0pt 0in;""><br></p><font color=""#000000"" face=""Times New Roman"" size=""3""><p style=""background: white; margin: 0in 7.5pt 0pt 0in;"">

<ul style=""list-style-type: disc; direction: ltr;""><li style='color: black; font-family: ""Calibri"",sans-serif; font-size: 11pt; font-style: normal; font-weight: normal;'><p style='color: rgb(0, 0, 0); font-family: ""Calibri"",sans-serif; font-size: 11pt; font-style: normal; font-weight: normal; margin-top: 0in; margin-bottom: 0pt;'><span style=""color: black;"">Customers at stations
Ronkonkoma through Pinelawn will board buses to Hicksville, then transfer to
westbound trains. Buses will depart up to 44 minutes earlier than normal train
times.</span></p></li><li style='color: black; font-family: ""Calibri"",sans-serif; font-size: 11pt; font-style: normal; font-weight: normal;'><p style='color: rgb(0, 0, 0); font-family: ""Calibri"",sans-serif; font-size: 11pt; font-style: normal; font-weight: normal; margin-top: 0in; margin-bottom: 0pt;'><span style=""color: black;"">The 10:05 AM, 11:05
AM, 12:05 PM trains from Ronkonkoma are canceled.</span></p></li><li style='color: black; font-family: ""Calibri"",sans-serif; font-size: 11pt; font-style: normal; font-weight: normal;'><p style='color: rgb(0, 0, 0); font-family: ""Calibri"",sans-serif; font-size: 11pt; font-style: normal; font-weight: normal; margin-top: 0in; margin-bottom: 0pt;'><span style=""color: black;"">Farmingdale and
Bethpage customers will board their normally scheduled trains.</span></p></li><li style='color: black; font-family: ""Calibri"",sans-serif; font-size: 11pt; font-style: normal; font-weight: normal;'><p style='color: rgb(0, 0, 0); font-family: ""Calibri"",sans-serif; font-size: 11pt; font-style: normal; font-weight: normal; margin-top: 0in; margin-bottom: 0pt;'><span style=""color: black;"">Greenport customers
will board buses at Ronkonkoma for service to Hicksville, where train service
will resume.Â  </span></p></li></ul></p><p style=""background: white; margin: 0in 7.5pt 0pt 0in;""><strong>







<br></strong>

</p><p style=""margin: 0in 0in 0pt;""><b><font face=""Calibri""><u><span style=""color: black;"">Eastbound</span></u><span style=""color: black;""> </span></font></b></p><p style=""background: white; margin: 0in 7.5pt 0pt 0in;"">

<br></p><ul style=""list-style-type: disc; direction: ltr;""><li style='color: black; font-family: ""Calibri"",sans-serif; font-size: 11pt; font-style: normal; font-weight: normal;'><p style='color: rgb(0, 0, 0); font-family: ""Calibri"",sans-serif; font-size: 11pt; font-style: normal; font-weight: normal; margin-top: 0in; margin-bottom: 0pt;'><span style=""color: black;"">Customers traveling to
stations Pinelawn through Ronkonkoma will board a bus at Hicksville to complete
their trip. Please plan for up to 44 minutes of additional travel time. </span></p></li><li style='color: black; font-family: ""Calibri"",sans-serif; font-size: 11pt; font-style: normal; font-weight: normal;'><p style='color: rgb(0, 0, 0); font-family: ""Calibri"",sans-serif; font-size: 11pt; font-style: normal; font-weight: normal; margin-top: 0in; margin-bottom: 0pt;'><span style=""color: black;"">The 4:39 PM, 5:39 PM
and 6:39 PM trains from Penn Station are canceled.</span></p></li><li style='color: black; font-family: ""Calibri"",sans-serif; font-size: 11pt; font-style: normal; font-weight: normal;'><p style='color: rgb(0, 0, 0); font-family: ""Calibri"",sans-serif; font-size: 11pt; font-style: normal; font-weight: normal; margin-top: 0in; margin-bottom: 0pt;'><span style=""color: black;"">Bethpage and
Farmingdale customers should stay on the train to their station.</span></p></li><li style='color: rgb(0, 0, 0); font-family: ""Calibri"",sans-serif; font-size: 11pt; font-style: normal; font-weight: normal;'><p style='color: rgb(0, 0, 0); font-family: ""Calibri"",sans-serif; font-size: 11pt; font-style: normal; font-weight: normal; margin-top: 0in; margin-bottom: 0pt;'><span lang=""EN"" style="""">Customers
traveling to stations Medford, Yaphank, Riverhead, Mattituck, Southold &
Greenport will board connecting trains from Penn Station one hour earlier than
usual at 8:12 AM & 1:12 PM (instead of 9:12 AM & 2:12 PM).Â  At
Hicksville, customers will connect with buses to Ronkonkoma, where eastbound
train service resumes.<font face=""Times New Roman"" size=""3"">
</font></span></p></li><span lang=""EN"" style=""""><font face=""Times New Roman"" size=""3""><font face=""Times New Roman"" size=""3""><span lang=""EN"" style=""""><p style='color: rgb(0, 0, 0); font-family: ""Calibri"",sans-serif; font-size: 11pt; font-style: normal; font-weight: normal; margin-top: 0in; margin-bottom: 0pt;'><br></p><font face=""Times New Roman"" size=""3""><p style='color: rgb(0, 0, 0); font-family: ""Calibri"",sans-serif; font-size: 11pt; font-style: normal; font-weight: normal; margin-top: 0in; margin-bottom: 0pt;'>

<br></p><p style=""margin: 0in 0in 0pt;""><font face=""Calibri"">For additional information, pick up a copy of the </font><a href=""http://web.mta.info/lirr/Timetable/11-18%20to%2011-19-2017%20-%20Second%20Track%20Construction%20-%20GO%20303.pdf""><span style=""color: windowtext;""><font face=""Calibri"">special Ronkonkoma Branch Timetable, dated November 18
& 19, 2017</font></span></a><font face=""Calibri"">, or view <span style=""color: black;"">the special
timetable at:</span> </font><a href=""https://goo.gl/JuuTiK""><span style=""font-family: Roboto;""><font color=""#0563c1"">https://goo.gl/JuuTiK</font></span></a></p><p style='color: rgb(0, 0, 0); font-family: ""Calibri"",sans-serif; font-size: 11pt; font-style: normal; font-weight: normal; margin-top: 0in; margin-bottom: 0pt;'>

<br></p><p style=""margin: 0in 0in 0pt;""><span style=""color: black;""><font face=""Calibri"">Â </font></span></p><p style='color: rgb(0, 0, 0); font-family: ""Calibri"",sans-serif; font-size: 11pt; font-style: normal; font-weight: normal; margin-top: 0in; margin-bottom: 0pt;'>

<br></p></font><p style='color: rgb(0, 0, 0); font-family: ""Calibri"",sans-serif; font-size: 11pt; font-style: normal; font-weight: normal; margin-top: 0in; margin-bottom: 0pt;'><br></p></span><p style=""margin: 0in 0in 0pt;""><font face=""Calibri""><br></font></p>

</font></font></span><font face=""Times New Roman"" size=""3""></font><font face=""Times New Roman"" size=""3""></font><font face=""Times New Roman"" size=""3""></font></ul></font></span></span><p style=""margin: 0in 0in 0pt;""><span style=""color: rgb(31, 73, 125);""><font face=""Calibri"" size=""3""><br></font></span></p><font face=""Times New Roman"" size=""3"">

</font></body>
                <br/><br/>
              "
"41","West Hempstead","GOOD SERVICE",""
"42","Hudson","GOOD SERVICE",""
"43","Harlem","GOOD SERVICE",""
"44","Wassaic","GOOD SERVICE",""
"45","New Haven","GOOD SERVICE",""
"46","New Canaan","GOOD SERVICE",""
"47","Danbury","SERVICE CHANGE","
                    <span class=""TitleServiceChange"" >Service Change</span>
                    <span class=""DateStyle"">
                    &nbsp;Posted:&nbsp;11/17/2017&nbsp; 8:57PM
                    </span><br/><br/>
                  Substitute bus service will be provided between Danbury and South Norwalk for select trains, Fri., Nov. 17, and all day Sat. and Sun., Nov. 18-19, to accommodate track work.  See schedule at http://ow.ly/otHY30gkOO0 Buses will operate up to 20 minutes earlier than scheduled trains. Check Local or Express bus service to your destination while boarding.  We appreciate your patience during this infrastructure improvement on the Danbury Branch.
                <br/><br/>
              "
"48","Waterbury","GOOD SERVICE",""
"49","Pascack Valley","GOOD SERVICE",""
"50","Port Jervis","GOOD SERVICE",""
